customer_id,plan_type,contract_type,monthly_charge,tenure_months,signup_date,payment_method,autopay_enabled,usage_score,logins_per_month,features_used,support_tickets_6m,complaint_unresolved,total_revenue,churned,churn_date,last_active_date
CUST100500,Standard,Month-to-month,21.31,20,2020-01-03,Credit card,1,78.8,8,8,2,1,426.2,0,,2021-09-02
CUST101041,Standard,Month-to-month,19.8,33,2020-01-03,Manual/Invoice,1,46.1,20,4,0,0,653.4,0,,2022-10-03
CUST100305,Premium,Month-to-month,40.58,18,2020-01-04,Bank transfer,1,49.8,17,6,3,0,730.44,0,,2021-07-04
CUST101045,Standard,Month-to-month,20.46,57,2020-01-07,Credit card,0,42.4,10,3,1,0,1166.22,0,,2024-10-07
CUST101341,Standard,Month-to-month,20.96,9,2020-01-07,Bank transfer,1,54.2,17,6,2,1,188.64,0,,2020-10-06
CUST101313,Premium,One year,38.61,8,2020-01-09,Credit card,0,45.7,14,2,1,1,308.88,1,2020-09-08,2020-09-08
CUST100592,Basic,Month-to-month,9.34,72,2020-01-12,Bank transfer,0,72.8,25,8,1,0,672.48,0,,2026-01-11
CUST101076,Basic,Month-to-month,10.0,0,2020-01-13,Credit card,0,33.9,9,4,1,0,0.0,1,2020-01-13,2020-01-13
CUST101481,Basic,Month-to-month,9.77,72,2020-01-13,PayPal,0,38.9,10,4,1,1,703.44,0,,2026-01-12
CUST100688,Standard,One year,20.96,39,2020-01-15,PayPal,1,42.3,10,5,1,1,817.44,0,,2023-04-16
CUST100968,Standard,Month-to-month,20.71,35,2020-01-15,Credit card,0,76.7,25,6,0,0,724.85,0,,2022-12-15
CUST101408,Standard,Month-to-month,20.85,19,2020-01-15,Credit card,1,47.5,20,6,3,0,396.15,0,,2021-08-15
CUST101084,Premium,Month-to-month,41.61,3,2020-01-17,PayPal,1,80.0,19,8,2,1,124.83,1,2020-04-17,2020-04-17
CUST101306,Standard,One year,19.23,1,2020-01-20,Bank transfer,1,59.1,17,5,1,0,19.23,0,,2020-02-19
CUST100916,Basic,Month-to-month,10.61,19,2020-01-20,Credit card,1,90.1,21,10,0,0,201.59,0,,2021-08-20
CUST100655,Basic,Month-to-month,9.1,18,2020-01-20,Bank transfer,0,88.9,30,10,0,0,163.8,1,2021-07-20,2021-07-20
CUST100826,Basic,Month-to-month,10.72,25,2020-01-21,PayPal,1,61.2,17,6,0,0,268.0,0,,2022-02-20
CUST100747,Standard,Month-to-month,18.86,6,2020-01-23,Credit card,1,73.0,31,6,0,0,113.16,0,,2020-07-23
CUST101402,Basic,One year,9.06,7,2020-01-23,Credit card,1,64.7,22,5,0,0,63.42,0,,2020-08-23
CUST100575,Premium,Two year,38.37,5,2020-01-31,Bank transfer,1,71.4,23,10,2,0,191.85,0,,2020-07-01
CUST100057,Basic,Month-to-month,10.27,46,2020-02-03,Credit card,1,28.1,18,1,3,0,472.42,0,,2023-12-04
CUST100209,Basic,Month-to-month,9.11,16,2020-02-04,Bank transfer,1,58.6,21,8,2,1,145.76,0,,2021-06-05
CUST100912,Standard,Month-to-month,20.08,38,2020-02-04,Bank transfer,1,81.3,25,7,1,0,763.04,0,,2023-04-05
CUST101240,Premium,One year,39.27,14,2020-02-05,Credit card,1,90.3,33,9,1,0,549.78,0,,2021-04-06
CUST100324,Premium,One year,40.21,8,2020-02-07,Bank transfer,0,77.4,11,6,0,0,321.68,0,,2020-10-07
CUST100360,Basic,Month-to-month,11.21,19,2020-02-10,Credit card,1,48.9,15,4,0,0,212.99,0,,2021-09-10
CUST100746,Basic,Month-to-month,8.42,37,2020-02-11,Credit card,1,18.2,8,0,4,1,311.54,1,2023-03-13,2023-03-13
CUST100118,Premium,One year,40.18,17,2020-02-11,Credit card,1,74.1,20,7,0,0,683.06,0,,2021-07-12
CUST101121,Premium,Month-to-month,39.31,59,2020-02-15,Manual/Invoice,1,52.6,21,6,2,1,2319.29,0,,2025-01-14
CUST101027,Premium,Month-to-month,39.72,4,2020-02-18,PayPal,1,54.0,20,6,3,0,158.88,1,2020-06-18,2020-06-18
CUST100565,Standard,Month-to-month,21.08,2,2020-02-18,Credit card,1,63.3,18,6,3,1,42.16,1,2020-04-18,2020-04-18
CUST100731,Premium,Month-to-month,40.0,25,2020-02-18,Credit card,0,72.1,21,6,2,0,1000.0,0,,2022-03-20
CUST101393,Standard,Two year,20.38,5,2020-02-18,Credit card,1,53.0,21,7,1,0,101.9,0,,2020-07-19
CUST101366,Standard,One year,20.41,17,2020-02-20,Credit card,1,47.8,11,7,2,0,346.97,0,,2021-07-21
CUST100426,Basic,One year,10.17,0,2020-02-24,Credit card,0,62.5,22,7,0,0,0.0,0,,2020-02-24
CUST101044,Premium,Month-to-month,39.03,11,2020-02-24,Credit card,0,69.0,29,9,2,1,429.33,1,2021-01-23,2021-01-23
CUST100867,Basic,Two year,11.23,16,2020-02-28,PayPal,1,50.9,17,6,3,0,179.68,0,,2021-06-29
CUST100652,Standard,Month-to-month,21.6,2,2020-02-29,Credit card,1,55.6,18,7,0,0,43.2,0,,2020-04-29
CUST100638,Basic,Month-to-month,11.07,8,2020-03-02,Credit card,1,43.4,14,3,2,0,88.56,1,2020-10-31,2020-10-31
CUST101300,Basic,Month-to-month,10.07,11,2020-03-04,PayPal,1,89.5,30,10,2,1,110.77,0,,2021-02-01
CUST101462,Basic,Month-to-month,10.07,13,2020-03-07,PayPal,1,41.5,15,6,3,0,130.91,0,,2021-04-06
CUST100814,Premium,Month-to-month,39.97,5,2020-03-08,Credit card,1,48.8,13,6,1,0,199.85,0,,2020-08-07
CUST100021,Basic,One year,11.38,25,2020-03-09,Bank transfer,1,54.4,22,5,1,0,284.5,0,,2022-04-09
CUST101096,Basic,Two year,10.88,11,2020-03-09,Manual/Invoice,0,38.5,9,0,1,0,119.68,0,,2021-02-06
CUST100689,Basic,Month-to-month,10.42,27,2020-03-09,Credit card,0,53.1,11,4,1,1,281.34,1,2022-06-08,2022-06-08
CUST100279,Standard,Month-to-month,20.72,46,2020-03-11,Credit card,0,60.9,11,8,0,0,953.12,0,,2024-01-10
CUST100141,Basic,Month-to-month,10.98,41,2020-03-14,Manual/Invoice,1,52.7,14,5,0,0,450.18,0,,2023-08-14
CUST101346,Basic,Month-to-month,12.94,11,2020-03-14,Credit card,0,55.2,22,6,1,0,142.34,0,,2021-02-11
CUST101487,Standard,Month-to-month,18.58,18,2020-03-15,Credit card,0,65.9,21,6,3,0,334.44,0,,2021-09-13
CUST101143,Standard,Two year,20.24,6,2020-03-17,Manual/Invoice,1,36.8,10,2,0,0,121.44,0,,2020-09-15
CUST100140,Premium,Two year,39.32,32,2020-03-19,Bank transfer,1,36.5,11,2,0,0,1258.24,0,,2022-11-18
CUST100131,Basic,Two year,12.48,8,2020-03-19,Credit card,0,27.8,11,2,3,0,99.84,0,,2020-11-17
CUST100724,Standard,One year,19.96,8,2020-03-20,Credit card,1,14.4,7,2,1,1,159.68,0,,2020-11-18
CUST100562,Basic,One year,10.73,25,2020-03-21,PayPal,1,60.9,18,6,3,0,268.25,0,,2022-04-21
CUST100943,Premium,One year,41.12,11,2020-03-22,Credit card,0,21.4,7,1,1,0,452.32,0,,2021-02-19
CUST100922,Premium,Month-to-month,38.55,72,2020-03-23,Manual/Invoice,1,45.4,12,6,0,0,2775.6,0,,2026-03-23
CUST100164,Basic,Month-to-month,10.05,7,2020-03-23,PayPal,1,82.8,23,10,3,0,70.35,0,,2020-10-22
CUST100752,Standard,Month-to-month,20.63,17,2020-03-24,PayPal,1,25.7,4,1,2,0,350.71,1,2021-08-23,2021-08-23
CUST100776,Basic,Month-to-month,10.24,8,2020-03-24,Bank transfer,1,61.4,19,9,1,0,81.92,0,,2020-11-22
CUST100344,Basic,Month-to-month,9.82,64,2020-03-26,Credit card,0,56.6,21,8,0,0,628.48,0,,2025-07-26
CUST101206,Standard,Month-to-month,19.45,4,2020-03-28,Credit card,1,47.5,17,5,1,1,77.8,0,,2020-07-27
CUST100928,Standard,Month-to-month,19.54,15,2020-03-28,Credit card,0,58.9,20,6,3,1,293.1,0,,2021-06-27
CUST100971,Premium,Two year,40.01,11,2020-03-29,Credit card,0,50.1,21,6,2,0,440.11,0,,2021-02-26
CUST100784,Basic,Month-to-month,10.61,29,2020-03-30,Bank transfer,1,29.9,17,1,3,0,307.69,0,,2022-08-29
CUST100569,Basic,Month-to-month,11.83,29,2020-03-30,PayPal,1,42.4,16,2,1,0,343.07,0,,2022-08-29
CUST100129,Standard,Month-to-month,17.84,50,2020-04-01,Credit card,0,57.2,13,7,1,0,892.0,0,,2024-06-01
CUST100030,Standard,One year,20.1,3,2020-04-02,PayPal,1,60.8,24,6,0,0,60.3,0,,2020-07-02
CUST100299,Basic,Month-to-month,10.66,72,2020-04-03,Bank transfer,0,47.8,23,7,0,0,767.52,0,,2026-04-03
CUST100635,Basic,One year,9.24,1,2020-04-03,Credit card,0,31.5,11,5,1,0,9.24,0,,2020-05-03
CUST101369,Basic,Month-to-month,8.86,40,2020-04-06,PayPal,1,43.3,16,7,0,0,354.4,1,2023-08-06,2023-08-06
CUST101191,Standard,One year,20.61,14,2020-04-06,PayPal,1,56.6,19,7,0,0,288.54,0,,2021-06-06
CUST100383,Premium,Two year,39.53,14,2020-04-07,Credit card,1,24.1,10,3,5,0,553.42,0,,2021-06-07
CUST100837,Basic,Two year,9.11,6,2020-04-08,Credit card,0,36.4,18,3,1,1,54.66,0,,2020-10-07
CUST101455,Premium,Month-to-month,40.66,15,2020-04-08,Credit card,0,48.3,13,7,3,0,609.9,0,,2021-07-08
CUST101168,Basic,One year,10.69,22,2020-04-09,Bank transfer,1,29.3,9,1,3,0,235.18,0,,2022-02-07
CUST100231,Standard,One year,19.31,6,2020-04-09,Credit card,1,2.6,6,0,2,0,115.86,0,,2020-10-08
CUST100468,Basic,Month-to-month,10.06,72,2020-04-10,Manual/Invoice,1,62.7,16,5,2,0,724.32,0,,2026-04-10
CUST101202,Basic,Month-to-month,8.47,2,2020-04-13,Bank transfer,0,52.8,12,7,0,0,16.94,0,,2020-06-12
CUST101024,Premium,Month-to-month,37.78,27,2020-04-14,PayPal,1,54.8,16,7,3,1,1020.06,1,2022-07-14,2022-07-14
CUST101311,Premium,Two year,42.35,4,2020-04-15,Manual/Invoice,1,100.0,25,10,3,1,169.4,1,2020-08-14,2020-08-14
CUST101211,Standard,Month-to-month,19.44,17,2020-04-18,Bank transfer,0,56.9,14,6,2,0,330.48,1,2021-09-17,2021-09-17
CUST101243,Premium,Month-to-month,39.72,63,2020-04-19,Credit card,1,70.8,23,6,0,0,2502.36,0,,2025-07-19
CUST100395,Premium,One year,40.36,38,2020-04-19,Credit card,1,81.6,35,7,1,1,1533.68,0,,2023-06-19
CUST100199,Standard,One year,20.17,0,2020-04-21,Credit card,0,26.3,6,4,4,1,0.0,0,,2020-04-21
CUST101007,Premium,Month-to-month,38.73,38,2020-04-21,PayPal,0,84.8,27,6,1,0,1471.74,0,,2023-06-21
CUST101147,Standard,One year,19.81,15,2020-04-22,Credit card,0,29.2,9,5,0,0,297.15,0,,2021-07-22
CUST100822,Basic,One year,9.36,3,2020-04-23,PayPal,1,43.9,11,6,1,0,28.08,0,,2020-07-23
CUST101071,Basic,One year,10.78,5,2020-04-25,Credit card,0,59.7,24,5,0,0,53.9,0,,2020-09-24
CUST100250,Basic,One year,11.32,13,2020-04-26,Credit card,1,49.5,9,5,0,0,147.16,0,,2021-05-26
CUST100234,Basic,Month-to-month,9.62,13,2020-04-26,PayPal,1,57.7,17,8,0,0,125.06,1,2021-05-26,2021-05-26
CUST100524,Premium,One year,38.81,3,2020-04-29,PayPal,1,45.0,17,3,0,0,116.43,0,,2020-07-29
CUST100778,Standard,Two year,21.08,19,2020-04-29,Manual/Invoice,1,86.2,35,7,0,0,400.52,0,,2021-11-28
CUST101198,Standard,Month-to-month,18.21,5,2020-05-01,PayPal,1,62.6,15,6,1,0,91.05,1,2020-09-30,2020-09-30
CUST100100,Basic,Month-to-month,10.55,72,2020-05-02,PayPal,0,50.6,12,6,1,1,759.6,0,,2026-05-02
CUST100817,Basic,Month-to-month,10.94,5,2020-05-03,Bank transfer,1,37.9,17,4,2,0,54.7,1,2020-10-02,2020-10-02
CUST100256,Premium,Month-to-month,40.05,1,2020-05-03,PayPal,1,31.4,9,4,0,0,40.05,1,2020-06-02,2020-06-02
CUST100270,Premium,Two year,40.3,20,2020-05-04,Manual/Invoice,1,55.8,23,6,2,0,806.0,0,,2022-01-02
CUST100480,Standard,Two year,20.01,0,2020-05-04,Credit card,0,48.7,2,4,0,0,0.0,0,,2020-05-04
CUST100254,Basic,One year,9.35,8,2020-05-06,Credit card,1,24.9,13,4,3,0,74.8,0,,2021-01-04
CUST101170,Standard,Month-to-month,19.7,27,2020-05-08,Bank transfer,1,59.2,22,5,2,1,531.9,0,,2022-08-07
CUST101173,Basic,Month-to-month,9.63,44,2020-05-10,Credit card,0,16.8,4,1,6,0,423.72,1,2024-01-09,2024-01-09
CUST100767,Premium,One year,39.7,4,2020-05-12,Credit card,1,53.5,22,5,2,0,158.8,0,,2020-09-10
CUST100548,Standard,Two year,19.86,1,2020-05-12,Credit card,0,44.9,27,3,2,1,19.86,0,,2020-06-11
CUST101210,Basic,Month-to-month,9.83,8,2020-05-14,PayPal,0,76.0,19,8,1,0,78.64,0,,2021-01-12
CUST100028,Standard,Two year,20.54,10,2020-05-14,Manual/Invoice,0,71.6,23,5,0,0,205.4,0,,2021-03-14
CUST100563,Basic,Month-to-month,10.61,27,2020-05-17,PayPal,1,88.3,26,9,0,0,286.47,0,,2022-08-16
CUST100477,Standard,Month-to-month,20.41,3,2020-05-19,Credit card,0,37.1,17,6,5,0,61.23,1,2020-08-18,2020-08-18
CUST101257,Standard,One year,20.33,72,2020-05-21,PayPal,1,70.2,20,10,0,0,1463.76,0,,2026-05-21
CUST100598,Basic,Month-to-month,11.6,6,2020-05-23,Credit card,1,49.4,14,5,0,0,69.6,0,,2020-11-21
CUST101110,Premium,Month-to-month,40.34,1,2020-05-23,PayPal,1,46.0,14,5,0,0,40.34,0,,2020-06-22
CUST101411,Basic,Month-to-month,8.54,9,2020-05-24,Bank transfer,1,0.0,2,2,2,1,76.86,1,2021-02-21,2021-02-21
CUST101241,Standard,Month-to-month,20.17,1,2020-05-24,PayPal,1,100.0,37,9,1,1,20.17,0,,2020-06-23
CUST100177,Basic,Month-to-month,9.69,24,2020-05-25,Credit card,1,56.3,18,7,2,1,232.56,0,,2022-05-25
CUST101136,Premium,Month-to-month,40.41,45,2020-05-27,Credit card,1,54.3,14,4,0,0,1818.45,0,,2024-02-25
CUST100405,Premium,Two year,39.71,3,2020-05-27,Bank transfer,0,21.0,0,4,3,0,119.13,1,2020-08-26,2020-08-26
CUST101217,Standard,One year,18.66,6,2020-05-31,Credit card,1,36.8,9,4,1,1,111.96,0,,2020-11-29
CUST100206,Basic,One year,9.96,14,2020-06-03,Credit card,0,53.4,16,4,0,0,139.44,0,,2021-08-03
CUST100233,Standard,One year,20.13,0,2020-06-03,PayPal,0,28.2,14,2,2,0,0.0,0,,2020-06-03
CUST100955,Basic,Two year,9.48,12,2020-06-03,PayPal,0,13.6,0,3,4,0,113.76,0,,2021-06-03
CUST100272,Premium,Month-to-month,40.85,25,2020-06-06,Credit card,0,57.6,15,3,2,0,1021.25,0,,2022-07-07
CUST101303,Standard,One year,18.75,3,2020-06-07,Credit card,1,57.0,9,6,1,0,56.25,0,,2020-09-06
CUST100038,Standard,One year,20.21,57,2020-06-08,Credit card,1,39.9,13,3,2,1,1151.97,0,,2025-03-09
CUST100380,Basic,One year,9.96,35,2020-06-11,PayPal,0,49.2,12,7,2,0,348.6,0,,2023-05-12
CUST101099,Basic,Month-to-month,10.19,50,2020-06-12,Credit card,1,77.4,28,8,1,1,509.5,0,,2024-08-12
CUST100664,Basic,One year,10.16,17,2020-06-12,PayPal,1,54.8,20,6,1,0,172.72,0,,2021-11-11
CUST100454,Basic,Month-to-month,9.81,7,2020-06-18,PayPal,1,44.1,17,5,0,0,68.67,1,2021-01-17,2021-01-17
CUST101252,Basic,Month-to-month,8.87,6,2020-06-21,Manual/Invoice,1,33.7,6,5,0,0,53.22,0,,2020-12-20
CUST100362,Standard,Month-to-month,19.76,3,2020-06-22,Manual/Invoice,0,51.1,9,6,4,0,59.28,1,2020-09-21,2020-09-21
CUST100127,Premium,Two year,40.5,22,2020-06-22,Credit card,1,67.4,19,8,2,0,891.0,0,,2022-04-22
CUST100261,Premium,Two year,41.06,6,2020-06-24,PayPal,1,29.6,15,3,1,0,246.36,0,,2020-12-23
CUST101157,Premium,One year,39.37,2,2020-06-25,Bank transfer,1,50.4,16,2,0,0,78.74,1,2020-08-24,2020-08-24
CUST100268,Basic,Month-to-month,9.77,72,2020-06-26,PayPal,1,65.6,18,6,0,0,703.44,0,,2026-06-26
CUST101069,Basic,Month-to-month,11.0,29,2020-06-28,Bank transfer,0,38.3,15,5,1,0,319.0,0,,2022-11-27
CUST100065,Standard,Two year,19.86,9,2020-06-30,Manual/Invoice,1,57.8,17,7,0,0,178.74,0,,2021-03-30
CUST100390,Premium,Month-to-month,39.89,1,2020-07-01,Bank transfer,1,50.7,11,6,1,0,39.89,0,,2020-07-31
CUST101197,Premium,Month-to-month,40.13,18,2020-07-03,Bank transfer,1,57.8,19,8,1,1,722.34,0,,2022-01-01
CUST100515,Basic,One year,9.67,15,2020-07-04,Credit card,1,64.2,20,6,2,1,145.05,0,,2021-10-03
CUST100775,Basic,Month-to-month,8.49,37,2020-07-05,Credit card,1,55.5,14,5,3,0,314.13,0,,2023-08-05
CUST100830,Basic,Month-to-month,10.79,13,2020-07-05,Credit card,0,27.7,5,4,4,0,140.27,0,,2021-08-04
CUST100503,Premium,Month-to-month,39.38,4,2020-07-07,Manual/Invoice,1,27.0,5,3,3,0,157.52,0,,2020-11-05
CUST101441,Basic,Two year,10.61,10,2020-07-09,Bank transfer,0,56.8,16,5,2,1,106.1,0,,2021-05-09
CUST100329,Basic,Month-to-month,11.25,35,2020-07-11,Bank transfer,1,39.0,12,4,0,0,393.75,0,,2023-06-11
CUST100632,Standard,Month-to-month,19.83,18,2020-07-11,Credit card,1,32.0,10,3,4,0,356.94,0,,2022-01-09
CUST100703,Basic,One year,8.24,72,2020-07-12,Credit card,0,45.7,13,5,3,1,593.28,0,,2026-07-12
CUST100855,Basic,One year,9.8,12,2020-07-13,Credit card,0,20.5,7,3,2,1,117.6,0,,2021-07-13
CUST100739,Basic,One year,9.69,20,2020-07-14,Credit card,1,29.0,11,0,3,1,193.8,0,,2022-03-14
CUST101326,Basic,Month-to-month,9.6,33,2020-07-15,Credit card,1,75.3,21,7,4,0,316.8,0,,2023-04-15
CUST100354,Basic,Month-to-month,9.91,7,2020-07-15,Bank transfer,0,49.4,13,4,0,0,69.37,1,2021-02-13,2021-02-13
CUST100125,Basic,One year,8.66,18,2020-07-18,Credit card,1,26.7,13,3,3,0,155.88,0,,2022-01-16
CUST100645,Premium,Month-to-month,38.41,57,2020-07-19,Bank transfer,0,63.7,20,6,4,1,2189.37,1,2025-04-19,2025-04-19
CUST100844,Basic,Month-to-month,8.1,4,2020-07-19,PayPal,1,71.0,22,6,1,0,32.4,0,,2020-11-17
CUST100283,Basic,Two year,8.69,3,2020-07-22,Bank transfer,0,48.3,22,5,0,0,26.07,1,2020-10-21,2020-10-21
CUST101018,Premium,Two year,42.01,14,2020-07-24,PayPal,1,32.7,12,5,1,1,588.14,0,,2021-09-23
CUST101225,Standard,Month-to-month,19.23,32,2020-07-25,Bank transfer,0,65.8,22,7,2,1,615.36,1,2023-03-26,2023-03-26
CUST100590,Basic,Two year,7.29,10,2020-07-26,PayPal,0,53.2,16,7,0,0,72.9,0,,2021-05-26
CUST101057,Basic,One year,9.92,22,2020-07-26,Credit card,1,68.0,22,6,1,1,218.24,0,,2022-05-26
CUST101074,Premium,Two year,38.78,11,2020-07-29,PayPal,1,83.7,31,7,5,1,426.58,0,,2021-06-28
CUST100346,Standard,One year,20.69,8,2020-07-31,Bank transfer,1,23.4,5,3,3,0,165.52,0,,2021-03-31
CUST101054,Premium,Month-to-month,39.52,2,2020-07-31,Credit card,0,69.4,18,7,1,1,79.04,0,,2020-09-29
CUST100403,Premium,Month-to-month,40.87,8,2020-08-01,Credit card,1,63.4,12,6,3,1,326.96,0,,2021-04-01
CUST101082,Basic,Month-to-month,11.97,25,2020-08-01,PayPal,0,94.3,33,10,1,0,299.25,0,,2022-09-01
CUST100456,Basic,One year,10.29,11,2020-08-01,Manual/Invoice,1,29.6,10,4,3,1,113.19,1,2021-07-01,2021-07-01
CUST101412,Basic,Month-to-month,9.69,40,2020-08-03,Bank transfer,1,38.8,16,6,0,0,387.6,0,,2023-12-03
CUST101256,Basic,Month-to-month,10.54,0,2020-08-05,Credit card,1,36.8,6,3,1,0,0.0,0,,2020-08-05
CUST100890,Standard,Two year,20.82,21,2020-08-06,Credit card,0,45.5,19,4,2,0,437.22,0,,2022-05-07
CUST100282,Basic,One year,10.17,21,2020-08-08,PayPal,1,37.3,11,2,0,0,213.57,0,,2022-05-09
CUST101119,Basic,One year,10.45,0,2020-08-12,PayPal,1,18.8,7,5,2,0,0.0,1,2020-08-12,2020-08-12
CUST101331,Standard,Month-to-month,19.3,40,2020-08-13,PayPal,1,67.3,19,6,1,0,772.0,0,,2023-12-13
CUST100846,Basic,Month-to-month,9.99,13,2020-08-14,Credit card,1,55.2,17,6,3,1,129.87,0,,2021-09-13
CUST100224,Basic,Two year,10.73,0,2020-08-14,PayPal,1,44.0,12,6,0,0,0.0,1,2020-08-14,2020-08-14
CUST100932,Premium,Month-to-month,40.61,72,2020-08-15,Credit card,0,66.8,26,5,2,0,2923.92,0,,2026-08-15
CUST101360,Premium,Two year,40.17,2,2020-08-16,Credit card,1,24.3,7,2,4,0,80.34,0,,2020-10-15
CUST100331,Standard,One year,22.55,1,2020-08-16,Credit card,1,64.2,25,8,2,1,22.55,0,,2020-09-15
CUST101108,Standard,One year,19.49,7,2020-08-18,Credit card,0,34.0,12,3,3,0,136.43,0,,2021-03-19
CUST100514,Basic,Month-to-month,11.61,5,2020-08-20,Bank transfer,0,15.7,3,2,1,0,58.05,1,2021-01-19,2021-01-19
CUST100099,Basic,One year,9.93,5,2020-08-23,Credit card,1,43.3,6,3,1,0,49.65,0,,2021-01-22
CUST100109,Basic,One year,11.23,13,2020-08-24,Manual/Invoice,1,55.6,9,7,0,0,145.99,0,,2021-09-23
CUST101137,Standard,Month-to-month,21.39,20,2020-08-26,Credit card,1,20.2,1,4,2,0,427.8,1,2022-04-26,2022-04-26
CUST101095,Basic,Month-to-month,10.35,64,2020-08-26,Credit card,1,46.6,7,4,0,0,662.4,0,,2025-12-26
CUST101337,Standard,One year,19.71,23,2020-08-28,Credit card,0,12.6,9,0,3,0,453.33,0,,2022-07-29
CUST100856,Basic,Two year,9.73,34,2020-08-29,Credit card,0,49.6,13,5,1,1,330.82,0,,2023-06-29
CUST100908,Basic,One year,11.41,0,2020-08-30,Credit card,0,7.7,0,1,1,0,0.0,0,,2020-08-30
CUST101429,Premium,Month-to-month,39.93,46,2020-09-01,Credit card,1,62.9,23,9,1,0,1836.78,0,,2024-07-02
CUST101172,Standard,Month-to-month,18.47,2,2020-09-07,Credit card,1,47.1,7,5,3,1,36.94,1,2020-11-06,2020-11-06
CUST100084,Basic,Month-to-month,9.34,11,2020-09-07,Bank transfer,0,43.1,14,5,4,0,102.74,1,2021-08-07,2021-08-07
CUST100930,Basic,Month-to-month,10.32,3,2020-09-07,Credit card,1,53.5,11,6,2,1,30.96,0,,2020-12-07
CUST100702,Basic,One year,10.78,39,2020-09-08,Credit card,0,63.4,22,5,0,0,420.42,0,,2023-12-09
CUST100639,Basic,Month-to-month,10.01,4,2020-09-08,Credit card,0,49.8,14,3,0,0,40.04,1,2021-01-07,2021-01-07
CUST101100,Basic,Month-to-month,10.43,52,2020-09-11,Bank transfer,1,41.8,9,7,3,0,542.36,0,,2025-01-10
CUST101109,Basic,Month-to-month,9.91,66,2020-09-11,PayPal,1,35.6,14,5,0,0,654.06,0,,2026-03-13
CUST100796,Premium,Month-to-month,37.85,36,2020-09-12,PayPal,1,70.4,23,4,0,0,1362.6,0,,2023-09-12
CUST100939,Standard,Month-to-month,20.81,2,2020-09-13,Manual/Invoice,1,82.1,22,6,2,0,41.62,0,,2020-11-12
CUST100345,Standard,One year,19.54,5,2020-09-15,Credit card,1,47.6,17,5,0,0,97.7,0,,2021-02-14
CUST101079,Premium,Two year,40.68,9,2020-09-16,Bank transfer,1,70.4,20,9,1,1,366.12,0,,2021-06-16
CUST101091,Standard,Month-to-month,21.5,10,2020-09-19,Credit card,1,42.2,11,2,0,0,215.0,0,,2021-07-20
CUST100278,Standard,One year,20.48,11,2020-09-20,Credit card,1,50.1,15,5,2,1,225.28,0,,2021-08-20
CUST101435,Basic,Month-to-month,7.74,12,2020-09-22,Credit card,1,46.6,12,3,0,0,92.88,0,,2021-09-22
CUST100063,Basic,One year,10.4,55,2020-09-26,PayPal,1,61.2,21,5,2,1,572.0,0,,2025-04-27
CUST100263,Standard,One year,19.15,42,2020-09-30,PayPal,0,67.0,23,7,1,0,804.3,0,,2024-03-31
CUST100102,Basic,One year,10.53,69,2020-09-30,Manual/Invoice,0,74.2,19,8,1,1,726.57,0,,2026-07-01
CUST100593,Basic,Month-to-month,8.16,68,2020-10-01,Manual/Invoice,1,42.9,22,3,3,0,554.88,0,,2026-06-01
CUST100048,Standard,One year,18.59,3,2020-10-04,Credit card,1,21.1,9,4,4,0,55.77,0,,2021-01-03
CUST101032,Basic,Month-to-month,12.01,66,2020-10-05,PayPal,1,59.9,19,5,1,1,792.66,0,,2026-04-06
CUST100640,Basic,Month-to-month,11.89,15,2020-10-05,PayPal,1,42.3,13,3,0,0,178.35,1,2022-01-04,2022-01-04
CUST100896,Basic,Month-to-month,9.51,62,2020-10-06,PayPal,0,100.0,28,10,3,1,589.62,0,,2025-12-06
CUST101465,Basic,One year,9.13,27,2020-10-07,Credit card,1,67.8,20,7,3,0,246.51,0,,2023-01-06
CUST100892,Premium,Month-to-month,39.33,12,2020-10-12,Bank transfer,0,25.8,15,0,2,1,471.96,0,,2021-10-12
CUST101332,Basic,Month-to-month,9.5,5,2020-10-14,Credit card,1,56.8,19,5,0,0,47.5,0,,2021-03-15
CUST101089,Basic,Month-to-month,10.91,21,2020-10-15,Manual/Invoice,1,54.7,14,4,1,1,229.11,1,2022-07-16,2022-07-16
CUST100229,Standard,One year,19.24,12,2020-10-17,Credit card,1,45.7,8,8,0,0,230.88,0,,2021-10-17
CUST100004,Basic,Month-to-month,11.01,10,2020-10-18,PayPal,0,31.8,6,1,1,0,110.1,0,,2021-08-18
CUST100595,Standard,Month-to-month,21.36,6,2020-10-20,Credit card,0,83.0,29,10,1,1,128.16,1,2021-04-20,2021-04-20
CUST100690,Basic,One year,9.34,2,2020-10-21,Bank transfer,0,75.2,24,9,1,1,18.68,0,,2020-12-20
CUST100725,Premium,Month-to-month,40.27,16,2020-10-21,Manual/Invoice,0,28.6,8,2,2,0,644.32,0,,2022-02-20
CUST100644,Basic,Month-to-month,8.19,3,2020-10-21,Credit card,0,100.0,22,9,2,0,24.57,0,,2021-01-20
CUST100470,Basic,Two year,10.47,8,2020-10-23,Credit card,1,59.8,16,6,0,0,83.76,0,,2021-06-23
CUST100398,Standard,Month-to-month,21.48,72,2020-10-25,Bank transfer,1,19.7,8,3,5,0,1546.56,0,,2026-09-28
CUST100970,Standard,One year,20.43,47,2020-10-28,Credit card,1,45.3,18,7,0,0,960.21,0,,2024-09-27
CUST100519,Basic,Two year,9.56,15,2020-10-31,Manual/Invoice,1,72.2,16,6,1,0,143.4,0,,2022-01-30
CUST100251,Basic,One year,10.55,14,2020-11-03,Credit card,1,74.4,26,8,2,0,147.7,0,,2022-01-03
CUST101345,Basic,Month-to-month,9.16,2,2020-11-03,Credit card,1,64.4,13,7,1,1,18.32,0,,2021-01-02
CUST100821,Basic,One year,8.61,53,2020-11-04,Credit card,0,22.5,8,3,5,0,456.33,0,,2025-04-05
CUST100191,Premium,Month-to-month,38.19,7,2020-11-05,Credit card,1,54.9,21,8,2,0,267.33,1,2021-06-06,2021-06-06
CUST101242,Standard,Two year,19.44,4,2020-11-08,Credit card,1,56.8,16,6,2,0,77.76,0,,2021-03-09
CUST100550,Standard,One year,21.1,9,2020-11-10,Credit card,1,72.9,20,7,0,0,189.9,0,,2021-08-10
CUST100954,Basic,One year,10.73,40,2020-11-12,Credit card,0,47.3,17,5,2,1,429.2,0,,2024-03-13
CUST100051,Standard,One year,19.3,10,2020-11-13,Manual/Invoice,1,47.8,16,7,0,0,193.0,0,,2021-09-13
CUST100629,Basic,Month-to-month,11.33,8,2020-11-13,PayPal,1,46.3,13,4,0,0,90.64,0,,2021-07-14
CUST100321,Standard,Month-to-month,19.62,9,2020-11-14,Credit card,0,53.5,14,8,1,1,176.58,1,2021-08-14,2021-08-14
CUST100649,Standard,Month-to-month,20.89,32,2020-11-15,Bank transfer,1,35.1,16,5,0,0,668.48,0,,2023-07-17
CUST100838,Standard,Month-to-month,19.83,54,2020-11-17,Manual/Invoice,1,9.3,4,2,1,0,1070.82,0,,2025-05-18
CUST100465,Basic,One year,11.07,8,2020-11-17,Credit card,1,36.5,23,6,3,1,88.56,0,,2021-07-18
CUST100247,Premium,One year,41.49,26,2020-11-17,Credit card,1,45.8,17,4,2,0,1078.74,0,,2023-01-17
CUST101138,Standard,Month-to-month,20.64,3,2020-11-18,PayPal,1,55.4,22,5,0,0,61.92,1,2021-02-17,2021-02-17
CUST100341,Standard,Month-to-month,19.44,12,2020-11-19,PayPal,1,1.5,0,0,5,0,233.28,0,,2021-11-19
CUST100488,Premium,One year,41.18,16,2020-11-20,Credit card,1,19.9,9,2,2,0,658.88,0,,2022-03-22
CUST100081,Standard,One year,19.79,29,2020-11-20,PayPal,0,58.7,22,6,0,0,573.91,0,,2023-04-21
CUST100986,Standard,Month-to-month,18.39,41,2020-11-21,PayPal,1,13.7,0,0,1,0,753.99,0,,2024-04-22
CUST100474,Standard,Month-to-month,19.66,36,2020-11-22,Manual/Invoice,1,73.7,20,8,1,0,707.76,0,,2023-11-22
CUST100276,Standard,Month-to-month,19.74,19,2020-11-23,PayPal,1,75.7,19,8,0,0,375.06,0,,2022-06-24
CUST100422,Basic,Month-to-month,8.97,2,2020-11-23,Bank transfer,1,62.3,20,7,2,1,17.94,0,,2021-01-22
CUST101297,Basic,One year,10.23,10,2020-11-28,PayPal,1,97.5,36,10,0,0,102.3,0,,2021-09-28
CUST100349,Standard,Month-to-month,21.47,20,2020-11-28,Credit card,1,66.6,20,4,0,0,429.4,0,,2022-07-29
CUST100429,Basic,One year,10.08,3,2020-12-01,Credit card,1,63.8,20,9,1,1,30.24,0,,2021-03-02
CUST101439,Standard,Month-to-month,19.5,12,2020-12-02,Credit card,0,18.4,9,2,3,1,234.0,1,2021-12-02,2021-12-02
CUST100414,Standard,Month-to-month,20.46,72,2020-12-03,Credit card,0,70.3,18,6,3,1,1473.12,1,2026-09-28,2026-09-28
CUST101464,Premium,One year,40.4,0,2020-12-06,Credit card,1,72.9,26,8,2,1,0.0,0,,2020-12-06
CUST101135,Basic,Month-to-month,10.51,4,2020-12-06,Bank transfer,0,61.0,18,6,0,0,42.04,0,,2021-04-06
CUST100735,Premium,Month-to-month,39.62,8,2020-12-09,Credit card,0,64.6,20,7,0,0,316.96,0,,2021-08-09
CUST100547,Standard,Two year,21.89,1,2020-12-11,Credit card,1,65.4,18,5,2,0,21.89,0,,2021-01-10
CUST100849,Standard,One year,20.93,7,2020-12-12,PayPal,1,31.9,8,4,3,0,146.51,1,2021-07-13,2021-07-13
CUST100670,Basic,Two year,10.7,3,2020-12-16,Credit card,1,63.2,17,6,1,1,32.1,0,,2021-03-17
CUST100273,Premium,Month-to-month,39.41,59,2020-12-16,Credit card,0,7.4,0,0,5,0,2325.19,0,,2025-11-15
CUST100950,Standard,One year,19.45,2,2020-12-17,Credit card,1,68.7,16,7,0,0,38.9,0,,2021-02-15
CUST100852,Basic,One year,9.22,2,2020-12-18,Manual/Invoice,1,76.0,25,7,1,0,18.44,0,,2021-02-16
CUST100112,Premium,Month-to-month,38.9,0,2020-12-19,PayPal,0,30.2,10,5,2,0,0.0,1,2020-12-19,2020-12-19
CUST100228,Premium,Month-to-month,40.02,1,2020-12-20,Bank transfer,1,82.1,26,5,0,0,40.02,0,,2021-01-19
CUST100813,Premium,Month-to-month,40.18,4,2020-12-21,PayPal,1,69.6,23,6,1,0,160.72,0,,2021-04-21
CUST100926,Basic,One year,9.48,72,2020-12-21,Credit card,0,55.5,15,6,1,0,682.56,0,,2026-09-28
CUST100848,Standard,One year,20.65,24,2020-12-21,Credit card,1,29.6,7,4,2,1,495.6,0,,2022-12-21
CUST100060,Basic,One year,8.8,13,2020-12-22,Manual/Invoice,1,83.3,30,5,0,0,114.4,0,,2022-01-21
CUST100544,Standard,Month-to-month,20.4,25,2020-12-24,Credit card,0,35.0,8,4,1,1,510.0,0,,2023-01-24
CUST100055,Premium,One year,41.24,29,2020-12-25,PayPal,1,10.9,4,0,4,1,1195.96,0,,2023-05-26
CUST101145,Premium,Month-to-month,43.1,37,2020-12-28,Manual/Invoice,1,34.6,7,2,1,0,1594.7,0,,2024-01-28
CUST100963,Basic,One year,9.73,16,2020-12-31,PayPal,0,28.2,15,3,2,1,155.68,0,,2022-05-02
CUST100641,Basic,Month-to-month,9.93,8,2020-12-31,Credit card,1,43.7,13,6,2,0,79.44,0,,2021-08-31
CUST100213,Basic,Month-to-month,8.38,12,2021-01-01,PayPal,0,61.6,21,6,2,0,100.56,0,,2022-01-01
CUST100833,Basic,One year,10.7,7,2021-01-05,Manual/Invoice,0,35.4,16,3,1,0,74.9,0,,2021-08-06
CUST100154,Premium,Month-to-month,40.0,24,2021-01-07,Credit card,1,13.5,0,0,6,1,960.0,0,,2023-01-07
CUST100551,Premium,Month-to-month,39.87,8,2021-01-08,Manual/Invoice,1,39.7,8,4,3,0,318.96,0,,2021-09-08
CUST100691,Basic,Month-to-month,11.77,29,2021-01-10,Credit card,1,100.0,30,10,0,0,341.33,0,,2023-06-11
CUST100011,Premium,Month-to-month,40.27,26,2021-01-13,Bank transfer,1,57.5,12,4,3,0,1047.02,0,,2023-03-15
CUST101190,Basic,One year,11.05,14,2021-01-13,Credit card,1,80.7,23,4,3,0,154.7,0,,2022-03-15
CUST100623,Standard,Two year,20.75,54,2021-01-13,Credit card,0,66.1,26,6,3,0,1120.5,0,,2025-07-14
CUST100824,Standard,One year,20.94,5,2021-01-13,PayPal,0,77.7,16,9,1,1,104.7,0,,2021-06-14
CUST101342,Premium,One year,39.66,11,2021-01-14,PayPal,1,70.9,23,7,3,0,436.26,0,,2021-12-14
CUST100466,Basic,One year,9.54,2,2021-01-15,PayPal,1,29.9,16,3,1,0,19.08,0,,2021-03-16
CUST100216,Basic,Month-to-month,9.32,39,2021-01-18,Bank transfer,1,29.3,8,6,0,0,363.48,0,,2024-04-19
CUST100753,Basic,One year,10.49,4,2021-01-19,PayPal,1,41.6,10,3,3,0,41.96,1,2021-05-20,2021-05-20
CUST101390,Basic,Month-to-month,8.4,21,2021-01-20,Credit card,1,38.1,14,3,0,0,176.4,1,2022-10-21,2022-10-21
CUST101268,Standard,Month-to-month,21.11,0,2021-01-21,PayPal,1,46.6,16,6,1,1,0.0,0,,2021-01-21
CUST100791,Standard,Two year,21.25,43,2021-01-22,PayPal,0,74.2,18,8,2,1,913.75,0,,2024-08-22
CUST100430,Basic,Month-to-month,8.92,13,2021-01-23,Manual/Invoice,0,23.6,6,5,2,1,115.96,1,2022-02-22,2022-02-22
CUST100181,Basic,Month-to-month,9.99,16,2021-01-23,PayPal,1,26.2,7,1,2,1,159.84,1,2022-05-25,2022-05-25
CUST100243,Basic,Two year,10.71,72,2021-01-24,Credit card,1,73.0,24,7,2,0,771.12,0,,2026-09-28
CUST100881,Standard,Month-to-month,19.58,72,2021-01-25,Bank transfer,0,79.9,21,6,3,0,1409.76,0,,2026-09-28
CUST100189,Basic,One year,9.77,23,2021-01-26,Bank transfer,1,70.1,20,8,1,1,224.71,0,,2022-12-27
CUST100528,Basic,One year,10.27,27,2021-01-26,PayPal,1,34.1,9,3,2,0,277.29,0,,2023-04-27
CUST101078,Basic,Month-to-month,9.58,72,2021-01-29,Credit card,1,53.3,21,6,1,0,689.76,0,,2026-09-28
CUST100427,Premium,One year,39.62,0,2021-02-03,Credit card,1,84.1,21,10,1,0,0.0,0,,2021-02-03
CUST100980,Basic,One year,10.15,5,2021-02-03,PayPal,0,61.3,14,4,2,1,50.75,1,2021-07-05,2021-07-05
CUST100287,Standard,Month-to-month,20.58,31,2021-02-04,Credit card,1,26.9,7,4,2,1,637.98,0,,2023-09-05
CUST101149,Premium,Month-to-month,40.88,30,2021-02-05,Bank transfer,0,83.4,28,8,1,0,1226.4,1,2023-08-07,2023-08-07
CUST100953,Premium,Month-to-month,38.99,15,2021-02-05,Manual/Invoice,0,68.2,20,5,1,1,584.85,0,,2022-05-07
CUST101218,Standard,One year,19.58,6,2021-02-07,PayPal,1,54.6,10,7,1,0,117.48,0,,2021-08-08
CUST101270,Standard,Month-to-month,20.55,11,2021-02-09,Credit card,1,74.0,21,8,1,0,226.05,0,,2022-01-09
CUST100762,Basic,Month-to-month,8.92,17,2021-02-09,Credit card,0,65.0,21,8,2,0,151.64,0,,2022-07-11
CUST101491,Basic,Two year,11.51,13,2021-02-15,Credit card,0,43.1,6,6,0,0,149.63,0,,2022-03-17
CUST100187,Standard,Month-to-month,20.92,1,2021-02-18,Credit card,1,26.6,1,5,4,1,20.92,0,,2021-03-20
CUST100225,Basic,Month-to-month,10.29,1,2021-02-19,Credit card,1,65.2,22,7,3,0,10.29,0,,2021-03-21
CUST101292,Standard,Month-to-month,19.92,3,2021-02-20,PayPal,1,42.9,12,3,2,0,59.76,1,2021-05-22,2021-05-22
CUST101290,Basic,One year,9.07,29,2021-02-20,Bank transfer,0,49.7,21,3,2,0,263.03,0,,2023-07-22
CUST101494,Standard,One year,19.33,1,2021-02-22,Credit card,1,67.4,16,8,2,1,19.33,0,,2021-03-24
CUST100091,Standard,One year,20.82,22,2021-02-22,Credit card,1,84.3,22,9,2,0,458.04,0,,2022-12-23
CUST100160,Basic,Two year,10.05,6,2021-02-24,Credit card,0,73.0,30,9,3,0,60.3,0,,2021-08-25
CUST100313,Premium,Month-to-month,40.0,53,2021-02-25,PayPal,1,48.9,14,5,1,0,2120.0,1,2025-07-27,2025-07-27
CUST100723,Standard,Month-to-month,19.4,22,2021-02-26,Credit card,1,40.7,9,6,2,0,426.8,0,,2022-12-27
CUST100560,Standard,One year,20.5,72,2021-02-27,Credit card,0,71.4,19,5,0,0,1476.0,0,,2026-09-28
CUST100626,Standard,One year,19.68,18,2021-03-02,Credit card,1,25.1,7,0,1,0,354.24,1,2022-08-31,2022-08-31
CUST100056,Basic,One year,9.32,20,2021-03-03,Credit card,0,82.8,21,7,2,1,186.4,0,,2022-11-01
CUST100166,Basic,Month-to-month,9.05,18,2021-03-05,Manual/Invoice,1,50.1,18,5,1,0,162.9,1,2022-09-03,2022-09-03
CUST100502,Basic,One year,7.87,32,2021-03-05,PayPal,1,10.6,1,2,3,1,251.84,0,,2023-11-04
CUST101233,Basic,Month-to-month,9.34,45,2021-03-05,Credit card,0,36.5,7,4,0,0,420.3,0,,2024-12-03
CUST100988,Basic,Month-to-month,9.89,11,2021-03-05,Credit card,0,49.3,23,5,2,0,108.79,1,2022-02-02,2022-02-02
CUST101188,Basic,Month-to-month,10.68,41,2021-03-05,PayPal,1,63.8,19,9,0,0,437.88,0,,2024-08-04
CUST101482,Standard,One year,19.14,19,2021-03-07,Credit card,1,50.7,14,5,1,1,363.66,0,,2022-10-06
CUST100712,Standard,One year,19.68,53,2021-03-08,PayPal,0,41.3,8,3,1,0,1043.04,0,,2025-08-07
CUST101065,Standard,Month-to-month,21.31,8,2021-03-10,PayPal,0,41.9,11,5,0,0,170.48,1,2021-11-08,2021-11-08
CUST100697,Standard,Month-to-month,19.74,7,2021-03-11,Bank transfer,1,32.5,10,3,1,0,138.18,1,2021-10-10,2021-10-10
CUST100212,Standard,One year,18.62,14,2021-03-11,Credit card,1,18.9,5,3,3,0,260.68,0,,2022-05-11
CUST101400,Basic,Two year,8.98,72,2021-03-14,Credit card,0,52.4,14,7,1,1,646.56,0,,2026-09-28
CUST101343,Standard,One year,19.38,1,2021-03-15,Bank transfer,1,82.0,17,4,0,0,19.38,0,,2021-04-14
CUST100683,Standard,Month-to-month,20.08,3,2021-03-16,PayPal,0,51.2,20,6,1,0,60.24,0,,2021-06-15
CUST101203,Basic,Two year,11.1,6,2021-03-18,Credit card,1,51.3,16,5,4,0,66.6,0,,2021-09-16
CUST100006,Basic,Month-to-month,11.37,4,2021-03-18,Manual/Invoice,1,47.0,20,6,1,1,45.48,1,2021-07-17,2021-07-17
CUST100693,Basic,Two year,10.91,22,2021-03-21,Manual/Invoice,1,64.0,18,6,0,0,240.02,0,,2023-01-19
CUST100312,Basic,One year,9.86,17,2021-03-22,PayPal,0,39.8,11,5,3,0,167.62,0,,2022-08-21
CUST100766,Standard,One year,17.46,4,2021-03-22,PayPal,0,43.4,15,4,0,0,69.84,0,,2021-07-21
CUST100163,Standard,Month-to-month,20.48,2,2021-03-25,Bank transfer,1,68.7,18,7,0,0,40.96,1,2021-05-24,2021-05-24
CUST100340,Standard,One year,20.77,35,2021-03-26,Manual/Invoice,0,60.6,17,7,3,0,726.95,0,,2024-02-24
CUST101389,Standard,Two year,22.08,17,2021-03-30,Bank transfer,1,58.4,15,5,1,0,375.36,0,,2022-08-29
CUST100115,Premium,One year,40.13,6,2021-03-30,PayPal,1,69.3,21,5,3,0,240.78,0,,2021-09-28
CUST101446,Standard,Month-to-month,19.39,24,2021-03-31,Credit card,1,17.5,4,5,2,0,465.36,0,,2023-03-31
CUST101163,Standard,Month-to-month,21.66,2,2021-04-01,Credit card,1,43.9,7,3,2,0,43.32,0,,2021-05-31
CUST101364,Standard,Month-to-month,20.91,19,2021-04-03,PayPal,0,62.3,21,10,2,0,397.29,0,,2022-11-02
CUST101083,Premium,One year,38.43,38,2021-04-04,Credit card,0,54.2,12,6,0,0,1460.34,0,,2024-06-03
CUST100574,Premium,One year,40.79,13,2021-04-05,Bank transfer,1,33.1,5,3,1,1,530.27,0,,2022-05-05
CUST101445,Basic,Two year,9.81,16,2021-04-06,Credit card,1,43.9,6,5,1,1,156.96,0,,2022-08-06
CUST100678,Premium,Month-to-month,39.96,21,2021-04-06,Manual/Invoice,1,49.0,18,3,1,0,839.16,0,,2023-01-05
CUST100577,Premium,Month-to-month,38.92,67,2021-04-07,Credit card,1,61.5,22,6,2,0,2607.64,1,2026-09-28,2026-09-28
CUST100195,Basic,One year,7.4,56,2021-04-07,Credit card,1,71.2,19,8,0,0,414.4,0,,2025-12-06
CUST100440,Basic,Month-to-month,9.81,14,2021-04-10,Bank transfer,1,33.0,7,1,0,0,137.34,1,2022-06-10,2022-06-10
CUST100957,Basic,Month-to-month,9.0,28,2021-04-11,Bank transfer,1,39.5,18,3,1,1,252.0,1,2023-08-11,2023-08-11
CUST101061,Premium,Month-to-month,39.34,24,2021-04-14,Credit card,1,55.2,11,7,1,0,944.16,0,,2023-04-14
CUST101106,Basic,Month-to-month,8.21,35,2021-04-17,Bank transfer,1,75.4,19,8,2,1,287.35,0,,2024-03-17
CUST100533,Standard,One year,18.64,44,2021-04-18,Credit card,0,41.4,10,2,3,1,820.16,0,,2024-12-17
CUST101488,Basic,One year,10.01,55,2021-04-19,PayPal,1,50.3,15,7,2,1,550.55,0,,2025-11-18
CUST101267,Standard,Two year,19.93,1,2021-04-21,Manual/Invoice,0,47.7,15,7,2,0,19.93,0,,2021-05-21
CUST100710,Standard,Month-to-month,18.88,23,2021-04-21,PayPal,1,12.8,3,2,5,0,434.24,0,,2023-03-22
CUST100158,Basic,Month-to-month,9.38,58,2021-04-24,Credit card,1,15.4,0,1,1,0,544.04,0,,2026-02-22
CUST100296,Standard,Month-to-month,20.74,8,2021-04-25,Credit card,1,74.9,24,9,1,0,165.92,0,,2021-12-24
CUST101126,Basic,One year,10.77,13,2021-04-25,Credit card,0,78.6,19,8,0,0,140.01,0,,2022-05-25
CUST100526,Basic,One year,9.53,44,2021-04-26,Manual/Invoice,1,38.8,10,4,1,1,419.32,1,2024-12-25,2024-12-25
CUST100938,Basic,One year,8.44,10,2021-04-26,Credit card,1,44.4,15,6,1,0,84.4,0,,2022-02-24
CUST100781,Standard,Month-to-month,19.6,29,2021-04-27,Credit card,1,81.2,24,7,0,0,568.4,0,,2023-09-26
CUST101038,Basic,Two year,9.35,2,2021-04-29,Credit card,1,36.3,17,1,1,1,18.7,0,,2021-06-28
CUST101442,Standard,Month-to-month,19.35,16,2021-04-29,Credit card,0,46.1,15,6,2,0,309.6,1,2022-08-29,2022-08-29
CUST100348,Basic,Two year,10.08,11,2021-04-30,Bank transfer,1,62.8,14,5,1,1,110.88,0,,2022-03-30
CUST100124,Basic,Month-to-month,9.2,72,2021-05-01,PayPal,1,45.2,17,2,2,0,662.4,0,,2026-09-28
CUST101052,Premium,Month-to-month,40.87,7,2021-05-02,Credit card,1,76.1,25,8,0,0,286.09,0,,2021-12-01
CUST100622,Basic,Month-to-month,8.49,20,2021-05-03,Credit card,1,37.6,19,3,1,1,169.8,0,,2023-01-01
CUST101204,Standard,Month-to-month,19.36,65,2021-05-04,Credit card,1,39.6,10,3,1,1,1258.4,1,2026-09-28,2026-09-28
CUST100308,Standard,One year,18.79,12,2021-05-12,Credit card,1,30.5,8,2,2,0,225.48,0,,2022-05-12
CUST100599,Basic,One year,11.3,15,2021-05-12,Credit card,1,79.6,28,6,3,0,169.5,0,,2022-08-11
CUST100732,Standard,Month-to-month,19.55,23,2021-05-14,Credit card,1,59.9,15,7,0,0,449.65,0,,2023-04-14
CUST100410,Basic,One year,10.78,3,2021-05-14,Bank transfer,1,68.6,17,7,1,1,32.34,1,2021-08-13,2021-08-13
CUST100606,Basic,Month-to-month,12.16,1,2021-05-15,Credit card,0,36.8,5,4,0,0,12.16,0,,2021-06-14
CUST100554,Premium,Two year,39.45,4,2021-05-15,Manual/Invoice,0,16.2,5,1,7,0,157.8,1,2021-09-13,2021-09-13
CUST100987,Basic,Two year,9.16,43,2021-05-17,PayPal,1,97.4,35,8,3,1,393.88,0,,2024-12-15
CUST100475,Premium,Month-to-month,39.59,65,2021-05-18,Credit card,1,70.5,26,9,1,0,2573.35,0,,2026-09-28
CUST101409,Premium,One year,39.76,23,2021-05-19,Credit card,1,54.0,18,4,1,0,914.48,0,,2023-04-19
CUST100123,Basic,Month-to-month,10.95,32,2021-05-22,Bank transfer,1,81.1,25,6,0,0,350.4,1,2024-01-21,2024-01-21
CUST101104,Premium,Two year,40.67,34,2021-05-22,Bank transfer,1,64.1,21,7,2,0,1382.78,0,,2024-03-21
CUST101167,Standard,Month-to-month,19.6,5,2021-05-22,PayPal,1,45.6,10,5,2,0,98.0,1,2021-10-21,2021-10-21
CUST100215,Basic,One year,9.78,2,2021-05-25,Manual/Invoice,0,41.4,12,3,1,0,19.56,0,,2021-07-24
CUST100847,Premium,Month-to-month,39.17,64,2021-05-25,PayPal,1,53.1,21,6,0,0,2506.88,0,,2026-09-24
CUST100111,Basic,Month-to-month,10.6,5,2021-05-26,Credit card,1,79.2,23,6,1,0,53.0,0,,2021-10-25
CUST100679,Premium,Month-to-month,39.78,1,2021-05-28,Credit card,1,22.5,8,5,0,0,39.78,1,2021-06-27,2021-06-27
CUST101475,Standard,Two year,21.06,22,2021-05-29,Credit card,1,40.2,11,3,3,1,463.32,0,,2023-03-29
CUST101492,Basic,Two year,10.5,63,2021-05-29,Credit card,1,84.9,28,10,3,0,661.5,0,,2026-08-28
CUST100637,Basic,Month-to-month,9.19,14,2021-05-30,Bank transfer,0,19.6,0,4,2,0,128.66,1,2022-07-30,2022-07-30
CUST100685,Standard,One year,18.96,10,2021-05-31,PayPal,1,38.7,6,2,2,1,189.6,0,,2022-03-31
CUST101451,Standard,One year,18.85,18,2021-05-31,Manual/Invoice,0,47.3,15,5,1,0,339.3,0,,2022-11-29
CUST100274,Standard,Month-to-month,19.82,18,2021-06-01,Bank transfer,1,18.4,6,0,4,1,356.76,1,2022-11-30,2022-11-30
CUST101164,Basic,Month-to-month,9.98,21,2021-06-02,Credit card,1,75.8,25,6,1,1,209.58,0,,2023-03-03
CUST101004,Premium,Month-to-month,41.57,5,2021-06-02,PayPal,0,20.1,13,2,1,0,207.85,1,2021-11-01,2021-11-01
CUST100880,Basic,Month-to-month,9.3,24,2021-06-04,PayPal,0,61.9,19,9,0,0,223.2,0,,2023-06-04
CUST101368,Basic,Month-to-month,12.05,10,2021-06-04,Credit card,1,78.5,30,7,1,0,120.5,1,2022-04-04,2022-04-04
CUST101428,Standard,Month-to-month,19.19,44,2021-06-06,Bank transfer,0,22.9,9,4,0,0,844.36,0,,2025-02-04
CUST101459,Standard,Month-to-month,21.45,4,2021-06-08,Bank transfer,1,38.2,16,2,0,0,85.8,0,,2021-10-07
CUST100183,Premium,One year,41.18,16,2021-06-10,Credit card,1,52.5,16,4,0,0,658.88,1,2022-10-10,2022-10-10
CUST100066,Basic,One year,10.03,71,2021-06-10,Bank transfer,1,56.5,27,5,2,0,712.13,0,,2026-09-28
CUST100295,Standard,Month-to-month,18.23,0,2021-06-11,Credit card,1,62.6,28,4,1,0,0.0,0,,2021-06-11
CUST101354,Standard,Month-to-month,19.86,35,2021-06-13,PayPal,1,72.1,15,9,1,0,695.1,1,2024-05-13,2024-05-13
CUST100910,Standard,Month-to-month,20.96,21,2021-06-14,Credit card,0,35.4,9,2,1,0,440.16,1,2023-03-15,2023-03-15
CUST100289,Standard,Month-to-month,20.01,7,2021-06-14,Credit card,1,81.4,27,9,0,0,140.07,1,2022-01-13,2022-01-13
CUST100616,Basic,Month-to-month,9.38,13,2021-06-17,Manual/Invoice,1,15.7,4,2,4,0,121.94,1,2022-07-17,2022-07-17
CUST101129,Basic,One year,11.41,25,2021-06-17,Credit card,1,45.5,9,6,1,0,285.25,0,,2023-07-18
CUST101131,Standard,Month-to-month,20.97,31,2021-06-20,Bank transfer,1,69.5,18,6,4,1,650.07,0,,2024-01-19
CUST100981,Standard,One year,20.04,29,2021-06-21,PayPal,1,47.8,15,5,0,0,581.16,0,,2023-11-20
CUST101260,Basic,Month-to-month,11.04,15,2021-06-22,Bank transfer,1,42.9,15,2,0,0,165.6,0,,2022-09-21
CUST100768,Basic,One year,11.09,4,2021-06-25,PayPal,1,53.8,11,5,1,0,44.36,0,,2021-10-24
CUST100246,Basic,Month-to-month,8.57,20,2021-06-25,Credit card,1,39.7,16,3,0,0,171.4,0,,2023-02-23
CUST100591,Standard,Month-to-month,20.67,10,2021-06-26,PayPal,1,45.9,23,5,1,1,206.7,0,,2022-04-26
CUST100887,Basic,Month-to-month,9.98,33,2021-06-27,Manual/Invoice,1,17.3,0,0,0,0,329.34,1,2024-03-27,2024-03-27
CUST101014,Standard,Month-to-month,19.15,5,2021-06-29,Credit card,1,55.3,21,3,2,0,95.75,0,,2021-11-28
CUST100332,Basic,Two year,9.43,10,2021-07-01,Bank transfer,1,85.8,31,6,1,0,94.3,0,,2022-05-01
CUST100171,Basic,Month-to-month,11.21,72,2021-07-04,Bank transfer,1,51.2,23,5,0,0,807.12,0,,2026-09-28
CUST100839,Standard,Month-to-month,19.25,6,2021-07-04,Credit card,1,39.3,14,7,1,0,115.5,0,,2022-01-02
CUST100136,Standard,Two year,20.91,42,2021-07-04,PayPal,1,68.8,23,9,1,0,878.22,0,,2025-01-02
CUST100612,Standard,Month-to-month,19.37,31,2021-07-05,Bank transfer,1,38.3,12,4,0,0,600.47,0,,2024-02-03
CUST100871,Basic,One year,9.02,6,2021-07-06,Bank transfer,1,36.3,13,2,1,0,54.12,0,,2022-01-04
CUST101037,Standard,Month-to-month,20.01,10,2021-07-07,Credit card,0,60.6,17,6,3,0,200.1,1,2022-05-07,2022-05-07
CUST100808,Standard,Two year,19.8,69,2021-07-08,Credit card,0,81.9,22,7,1,1,1366.2,0,,2026-09-28
CUST101250,Standard,One year,20.81,23,2021-07-09,Credit card,0,45.8,15,5,6,1,478.63,0,,2023-06-09
CUST101262,Basic,One year,9.76,3,2021-07-11,Manual/Invoice,1,31.4,10,2,0,0,29.28,0,,2021-10-10
CUST101480,Premium,Two year,41.8,7,2021-07-12,Bank transfer,1,65.7,19,5,5,0,292.6,0,,2022-02-10
CUST101226,Basic,Month-to-month,9.76,9,2021-07-13,Bank transfer,1,48.5,9,5,3,1,87.84,1,2022-04-12,2022-04-12
CUST101485,Basic,Month-to-month,9.21,16,2021-07-14,PayPal,0,73.0,22,6,2,1,147.36,0,,2022-11-13
CUST100959,Standard,Two year,19.8,9,2021-07-15,Credit card,1,46.9,15,7,4,0,178.2,0,,2022-04-14
CUST101046,Basic,One year,11.47,27,2021-07-16,Credit card,1,52.6,15,3,3,0,309.69,0,,2023-10-15
CUST100631,Premium,Month-to-month,40.11,48,2021-07-17,Manual/Invoice,1,40.0,17,3,1,0,1925.28,1,2025-07-17,2025-07-17
CUST100135,Basic,One year,9.89,14,2021-07-18,Credit card,0,56.7,14,5,1,0,138.46,0,,2022-09-17
CUST100889,Basic,One year,10.15,10,2021-07-20,PayPal,0,72.3,21,9,1,0,101.5,0,,2022-05-20
CUST101325,Basic,Month-to-month,10.85,22,2021-07-20,Bank transfer,1,39.2,15,4,1,0,238.7,1,2023-05-20,2023-05-20
CUST100425,Standard,Month-to-month,20.68,4,2021-07-27,Credit card,0,14.0,8,0,3,0,82.72,1,2021-11-25,2021-11-25
CUST100538,Standard,One year,20.5,9,2021-07-28,Credit card,1,100.0,36,10,3,0,184.5,0,,2022-04-27
CUST101178,Standard,Month-to-month,20.0,26,2021-07-28,Credit card,1,66.4,22,6,0,0,520.0,0,,2023-09-27
CUST100937,Premium,One year,38.92,37,2021-07-29,Bank transfer,1,42.8,8,2,0,0,1440.04,0,,2024-08-28
CUST100169,Standard,Month-to-month,20.59,10,2021-07-31,Credit card,1,46.5,17,5,4,0,205.9,1,2022-05-31,2022-05-31
CUST100510,Standard,Month-to-month,19.75,18,2021-08-03,Credit card,1,76.5,25,6,2,0,355.5,0,,2023-02-01
CUST101221,Basic,Month-to-month,9.03,5,2021-08-04,Bank transfer,0,54.8,18,6,0,0,45.15,0,,2022-01-03
CUST100918,Standard,One year,19.85,0,2021-08-05,Credit card,0,38.2,14,3,1,0,0.0,1,2021-08-05,2021-08-05
CUST100128,Basic,One year,8.89,1,2021-08-07,Manual/Invoice,1,82.8,26,9,0,0,8.89,0,,2021-09-06
CUST101458,Basic,Month-to-month,10.45,1,2021-08-08,PayPal,0,70.2,27,8,0,0,10.45,1,2021-09-07,2021-09-07
CUST100750,Basic,Two year,11.72,46,2021-08-08,Bank transfer,1,28.4,1,4,3,0,539.12,0,,2025-06-08
CUST101062,Standard,Month-to-month,20.73,20,2021-08-09,PayPal,1,62.7,14,7,1,1,414.6,1,2023-04-09,2023-04-09
CUST100741,Basic,Month-to-month,9.66,48,2021-08-09,Credit card,1,74.3,28,10,1,1,463.68,0,,2025-08-09
CUST100031,Basic,One year,8.66,7,2021-08-11,Credit card,1,47.7,15,6,1,0,60.62,0,,2022-03-12
CUST100646,Standard,One year,20.26,44,2021-08-18,Credit card,1,56.8,16,6,0,0,891.44,0,,2025-04-18
CUST100311,Basic,Month-to-month,9.38,1,2021-08-19,Credit card,1,72.6,24,6,0,0,9.38,0,,2021-09-18
CUST100042,Basic,Month-to-month,10.11,29,2021-08-20,PayPal,0,81.7,22,8,0,0,293.19,0,,2024-01-19
CUST100967,Basic,One year,11.1,12,2021-08-20,PayPal,1,52.7,13,5,1,0,133.2,0,,2022-08-20
CUST100062,Premium,Two year,40.62,29,2021-08-21,Credit card,1,51.8,11,6,2,0,1177.98,0,,2024-01-20
CUST100608,Standard,Month-to-month,20.11,0,2021-08-21,PayPal,0,47.5,12,2,0,0,0.0,0,,2021-08-21
CUST100014,Basic,Month-to-month,9.24,5,2021-08-23,PayPal,1,37.1,16,3,1,0,46.2,0,,2022-01-22
CUST101070,Basic,Month-to-month,9.31,25,2021-08-23,Credit card,1,20.6,5,2,2,0,232.75,1,2023-09-23,2023-09-23
CUST101020,Standard,Two year,19.8,18,2021-08-26,Credit card,1,77.1,22,10,2,0,356.4,0,,2023-02-24
CUST100783,Basic,One year,9.65,19,2021-08-27,PayPal,1,41.6,7,5,1,0,183.35,0,,2023-03-28
CUST100419,Standard,Month-to-month,19.18,27,2021-08-27,Bank transfer,1,50.5,15,4,0,0,517.86,0,,2023-11-26
CUST101150,Standard,Month-to-month,19.67,3,2021-08-28,Credit card,1,36.7,18,4,2,1,59.01,1,2021-11-27,2021-11-27
CUST100831,Standard,Month-to-month,20.74,11,2021-08-28,Bank transfer,1,44.4,8,6,0,0,228.14,0,,2022-07-28
CUST100317,Basic,Month-to-month,10.41,60,2021-08-29,Credit card,1,57.9,14,8,0,0,624.6,0,,2026-08-29
CUST100948,Premium,Two year,39.66,1,2021-08-30,Credit card,0,82.3,26,6,2,0,39.66,0,,2021-09-29
CUST101166,Premium,Month-to-month,38.9,34,2021-08-31,Credit card,0,89.6,28,7,2,1,1322.6,1,2024-06-30,2024-06-30
CUST100043,Premium,Month-to-month,40.53,17,2021-09-02,Manual/Invoice,0,73.6,24,6,0,0,689.01,0,,2023-02-01
CUST100491,Standard,One year,20.32,72,2021-09-02,Credit card,1,40.9,11,4,2,1,1463.04,0,,2026-09-28
CUST100709,Standard,One year,19.58,3,2021-09-03,Credit card,0,37.2,11,6,2,0,58.74,0,,2021-12-03
CUST101314,Standard,Month-to-month,20.29,19,2021-09-05,Manual/Invoice,1,31.5,9,3,1,0,385.51,1,2023-04-06,2023-04-06
CUST101317,Standard,Month-to-month,21.44,72,2021-09-06,PayPal,1,50.1,12,7,1,1,1543.68,0,,2026-09-28
CUST101419,Premium,Month-to-month,41.75,18,2021-09-07,PayPal,0,62.9,24,3,3,0,751.5,0,,2023-03-08
CUST100132,Basic,Month-to-month,9.98,37,2021-09-08,Credit card,1,46.1,16,4,0,0,369.26,0,,2024-10-08
CUST100150,Premium,Month-to-month,39.96,0,2021-09-08,Bank transfer,1,100.0,38,10,1,0,0.0,0,,2021-09-08
CUST100173,Basic,Month-to-month,11.48,56,2021-09-08,PayPal,0,80.5,21,9,0,0,642.88,0,,2026-05-09
CUST100090,Basic,Month-to-month,10.32,9,2021-09-08,PayPal,0,50.2,16,4,0,0,92.88,1,2022-06-08,2022-06-08
CUST100759,Standard,One year,19.52,40,2021-09-09,PayPal,0,56.9,23,6,0,0,780.8,0,,2025-01-08
CUST100186,Premium,One year,37.44,4,2021-09-10,PayPal,1,54.5,21,4,1,0,149.76,0,,2022-01-09
CUST101123,Premium,One year,39.01,38,2021-09-10,Bank transfer,0,59.9,15,6,2,0,1482.38,0,,2024-11-09
CUST100033,Premium,One year,40.31,53,2021-09-11,Bank transfer,1,5.2,2,0,3,0,2136.43,1,2026-02-10,2026-02-10
CUST100005,Basic,One year,12.43,3,2021-09-12,Credit card,1,86.6,25,6,1,0,37.29,0,,2021-12-12
CUST100101,Standard,One year,20.07,27,2021-09-13,Credit card,0,26.2,5,4,1,1,541.89,0,,2023-12-13
CUST101467,Basic,Month-to-month,10.69,15,2021-09-13,Bank transfer,0,45.3,10,6,1,1,160.35,1,2022-12-13,2022-12-13
CUST100248,Premium,Month-to-month,39.67,7,2021-09-14,Credit card,1,9.9,7,0,4,0,277.69,0,,2022-04-15
CUST101254,Standard,Two year,21.01,1,2021-09-14,Bank transfer,0,33.9,9,2,3,1,21.01,0,,2021-10-14
CUST100285,Basic,Month-to-month,9.34,4,2021-09-16,Bank transfer,0,100.0,27,10,1,0,37.36,0,,2022-01-15
CUST100882,Basic,One year,9.47,72,2021-09-20,Credit card,1,39.4,5,4,0,0,681.84,0,,2026-09-28
CUST100527,Basic,Month-to-month,10.19,19,2021-09-22,Credit card,1,50.5,24,3,1,0,193.61,0,,2023-04-23
CUST101022,Premium,Month-to-month,39.81,35,2021-09-30,Credit card,0,50.9,16,2,0,0,1393.35,0,,2024-08-30
CUST100434,Basic,Month-to-month,7.63,33,2021-10-01,Credit card,0,39.8,6,4,1,0,251.79,0,,2024-07-01
CUST100041,Standard,Two year,19.56,5,2021-10-05,Credit card,0,36.2,10,4,2,1,97.8,1,2022-03-06,2022-03-06
CUST101415,Premium,Month-to-month,38.88,18,2021-10-05,Credit card,0,33.4,14,4,0,0,699.84,1,2023-04-05,2023-04-05
CUST100205,Basic,Month-to-month,9.83,29,2021-10-05,Credit card,0,81.7,24,10,0,0,285.07,1,2024-03-05,2024-03-05
CUST101449,Standard,Two year,21.26,59,2021-10-09,PayPal,1,33.8,12,1,2,0,1254.34,0,,2026-09-08
CUST101192,Basic,Two year,10.67,41,2021-10-16,PayPal,0,28.8,5,5,5,0,437.47,0,,2025-03-17
CUST101478,Standard,Month-to-month,18.96,11,2021-10-20,Bank transfer,0,41.0,8,3,3,0,208.56,0,,2022-09-19
CUST100046,Basic,Month-to-month,9.29,16,2021-10-21,Bank transfer,1,65.7,25,7,2,0,148.64,0,,2023-02-20
CUST100458,Basic,Month-to-month,9.56,1,2021-10-22,Credit card,1,52.8,18,7,0,0,9.56,0,,2021-11-21
CUST100773,Basic,One year,9.88,1,2021-10-22,Credit card,1,78.3,21,9,1,0,9.88,0,,2021-11-21
CUST100352,Standard,Month-to-month,19.27,5,2021-10-26,Credit card,0,62.9,17,7,0,0,96.35,0,,2022-03-27
CUST101051,Standard,Month-to-month,20.59,24,2021-10-26,Credit card,0,40.3,14,6,0,0,494.16,0,,2023-10-26
CUST101367,Premium,Two year,40.6,4,2021-10-27,Bank transfer,1,30.5,11,4,2,0,162.4,0,,2022-02-25
CUST100001,Premium,Month-to-month,42.28,3,2021-10-27,Credit card,1,33.1,5,3,2,0,126.84,0,,2022-01-26
CUST100483,Standard,Month-to-month,20.44,25,2021-10-29,Credit card,1,54.0,17,4,3,1,511.0,0,,2023-11-29
CUST101495,Standard,One year,20.84,13,2021-10-30,Credit card,1,84.1,19,7,0,0,270.92,0,,2022-11-29
CUST101181,Basic,One year,10.41,15,2021-10-31,Credit card,0,62.9,17,8,1,0,156.15,0,,2023-01-30
CUST101404,Standard,Month-to-month,19.09,9,2021-11-03,PayPal,1,61.1,14,6,2,0,171.81,1,2022-08-03,2022-08-03
CUST100356,Basic,Two year,11.5,4,2021-11-04,Bank transfer,1,52.8,16,3,2,0,46.0,0,,2022-03-05
CUST101245,Standard,Month-to-month,21.33,10,2021-11-04,Credit card,1,85.1,25,9,2,1,213.3,1,2022-09-04,2022-09-04
CUST101080,Standard,Month-to-month,20.1,9,2021-11-05,PayPal,1,39.5,9,4,0,0,180.9,1,2022-08-05,2022-08-05
CUST100815,Standard,One year,19.6,15,2021-11-06,Credit card,1,63.1,20,6,2,0,294.0,0,,2023-02-05
CUST101205,Standard,One year,21.52,8,2021-11-06,PayPal,1,88.3,23,10,0,0,172.16,0,,2022-07-07
CUST100110,Basic,Two year,11.08,2,2021-11-08,PayPal,1,51.3,18,8,0,0,22.16,0,,2022-01-07
CUST100264,Premium,One year,38.95,18,2021-11-10,Credit card,0,30.8,7,4,1,0,701.1,0,,2023-05-11
CUST100073,Premium,Two year,42.57,36,2021-11-12,PayPal,0,33.4,12,5,3,1,1532.52,0,,2024-11-11
CUST100659,Standard,One year,19.0,0,2021-11-14,PayPal,1,73.0,20,10,0,0,0.0,0,,2021-11-14
CUST100877,Standard,Month-to-month,19.48,72,2021-11-14,PayPal,1,96.2,25,8,3,1,1402.56,0,,2026-09-28
CUST100083,Basic,Month-to-month,8.98,41,2021-11-15,PayPal,1,75.4,33,9,0,0,368.18,0,,2025-04-16
CUST100013,Basic,One year,9.93,38,2021-11-16,Bank transfer,1,28.9,10,4,0,0,377.34,1,2025-01-15,2025-01-15
CUST100958,Basic,One year,7.43,4,2021-11-19,Credit card,0,37.9,12,5,0,0,29.72,0,,2022-03-20
CUST100819,Basic,One year,10.4,31,2021-11-19,Manual/Invoice,0,56.1,21,8,0,0,322.4,0,,2024-06-19
CUST100185,Standard,Month-to-month,18.51,35,2021-11-20,PayPal,1,80.4,26,9,0,0,647.85,1,2024-10-20,2024-10-20
CUST100485,Premium,Month-to-month,40.42,72,2021-11-22,Manual/Invoice,1,57.9,12,7,1,0,2910.24,0,,2026-09-28
CUST101309,Premium,Two year,39.78,16,2021-11-24,PayPal,1,45.0,18,3,0,0,636.48,0,,2023-03-26
CUST101394,Basic,Month-to-month,9.12,2,2021-11-24,PayPal,1,83.9,30,9,1,0,18.24,0,,2022-01-23
CUST100377,Basic,Month-to-month,9.46,52,2021-11-25,Bank transfer,1,34.8,15,5,1,0,491.92,0,,2026-03-26
CUST100122,Basic,Month-to-month,10.7,28,2021-11-26,Credit card,0,47.2,12,5,1,1,299.6,1,2024-03-27,2024-03-27
CUST100178,Premium,Two year,39.6,21,2021-11-27,PayPal,1,73.1,20,7,1,1,831.6,0,,2023-08-28
CUST100139,Premium,One year,40.31,2,2021-11-27,Bank transfer,0,54.1,15,5,2,1,80.62,1,2022-01-26,2022-01-26
CUST100327,Standard,Month-to-month,18.23,58,2021-11-30,Bank transfer,1,54.2,16,6,1,1,1057.34,0,,2026-09-28
CUST100512,Premium,One year,39.6,36,2021-11-30,Bank transfer,1,83.7,22,6,1,1,1425.6,0,,2024-11-29
CUST101275,Basic,Month-to-month,9.62,9,2021-12-04,Credit card,1,89.6,23,7,1,1,86.58,1,2022-09-03,2022-09-03
CUST101473,Basic,Month-to-month,10.3,7,2021-12-05,Bank transfer,1,49.2,10,4,0,0,72.1,0,,2022-07-06
CUST100965,Basic,Month-to-month,10.54,14,2021-12-06,Bank transfer,1,52.7,19,6,1,0,147.56,1,2023-02-05,2023-02-05
CUST101042,Basic,Month-to-month,10.71,5,2021-12-07,Credit card,0,37.9,12,3,2,1,53.55,1,2022-05-08,2022-05-08
CUST101017,Standard,One year,20.17,72,2021-12-08,PayPal,1,86.1,26,4,1,0,1452.24,0,,2026-09-28
CUST101005,Standard,Month-to-month,18.97,5,2021-12-10,PayPal,1,58.1,20,8,5,0,94.85,0,,2022-05-11
CUST100718,Basic,Month-to-month,8.31,13,2021-12-10,PayPal,0,90.0,25,9,0,0,108.03,0,,2023-01-09
CUST101289,Basic,Month-to-month,9.3,0,2021-12-12,Bank transfer,0,71.2,20,6,0,0,0.0,1,2021-12-12,2021-12-12
CUST100763,Standard,Month-to-month,20.23,2,2021-12-13,Manual/Invoice,1,48.2,10,4,0,0,40.46,0,,2022-02-11
CUST100182,Premium,Month-to-month,40.43,8,2021-12-13,Credit card,1,44.7,19,3,0,0,323.44,0,,2022-08-13
CUST100238,Standard,Month-to-month,21.19,8,2021-12-13,PayPal,0,65.1,26,8,3,0,169.52,1,2022-08-13,2022-08-13
CUST101385,Basic,Month-to-month,10.42,4,2021-12-14,PayPal,0,38.5,10,2,2,1,41.68,1,2022-04-14,2022-04-14
CUST101141,Basic,Month-to-month,8.99,1,2021-12-15,Credit card,1,63.2,22,3,0,0,8.99,0,,2022-01-14
CUST100445,Premium,Month-to-month,39.04,21,2021-12-18,Credit card,1,91.0,27,9,1,0,819.84,1,2023-09-18,2023-09-18
CUST101469,Standard,Month-to-month,19.51,30,2021-12-20,PayPal,1,54.2,18,5,1,0,585.3,0,,2024-06-20
CUST100841,Standard,Month-to-month,19.85,2,2021-12-22,Credit card,1,46.7,9,4,3,0,39.7,0,,2022-02-20
CUST101335,Standard,Month-to-month,20.8,11,2021-12-22,Bank transfer,0,33.5,12,2,2,0,228.8,1,2022-11-21,2022-11-21
CUST100680,Premium,Month-to-month,39.86,2,2021-12-24,Bank transfer,0,58.7,18,6,0,0,79.72,0,,2022-02-22
CUST100648,Standard,One year,18.41,2,2021-12-29,PayPal,1,100.0,32,9,0,0,36.82,0,,2022-02-27
CUST100737,Premium,Month-to-month,41.59,23,2021-12-29,PayPal,1,45.8,15,6,0,0,956.57,0,,2023-11-29
CUST100707,Premium,One year,41.12,22,2022-01-02,Credit card,1,47.8,8,8,0,0,904.64,0,,2023-11-02
CUST100985,Standard,One year,21.48,70,2022-01-04,Credit card,1,68.7,22,10,1,1,1503.6,0,,2026-09-28
CUST100865,Standard,One year,20.17,9,2022-01-05,Credit card,0,36.2,11,4,2,0,181.53,0,,2022-10-05
CUST100476,Basic,Month-to-month,9.03,2,2022-01-05,Credit card,1,55.6,23,4,4,0,18.06,1,2022-03-06,2022-03-06
CUST101274,Standard,Two year,20.22,13,2022-01-06,PayPal,1,53.1,19,6,0,0,262.86,0,,2023-02-05
CUST101272,Standard,One year,19.97,22,2022-01-07,Credit card,1,30.3,6,2,1,0,439.34,1,2023-11-07,2023-11-07
CUST100667,Basic,Two year,11.4,34,2022-01-11,PayPal,1,38.9,13,4,2,0,387.6,0,,2024-11-10
CUST100067,Premium,Month-to-month,39.84,12,2022-01-12,PayPal,0,74.4,15,5,2,1,478.08,0,,2023-01-12
CUST101072,Basic,Two year,8.02,6,2022-01-13,Credit card,1,73.1,19,10,3,0,48.12,0,,2022-07-14
CUST101009,Standard,Month-to-month,20.46,6,2022-01-14,Credit card,0,78.1,20,7,1,0,122.76,0,,2022-07-15
CUST100301,Standard,Month-to-month,18.77,3,2022-01-18,Bank transfer,1,30.8,7,5,0,0,56.31,1,2022-04-19,2022-04-19
CUST100241,Premium,Month-to-month,40.53,2,2022-01-20,PayPal,1,52.4,17,5,1,1,81.06,1,2022-03-21,2022-03-21
CUST100086,Standard,One year,20.02,11,2022-01-21,Credit card,0,34.2,11,4,1,0,220.22,0,,2022-12-21
CUST101165,Premium,Month-to-month,40.66,9,2022-01-22,Credit card,1,70.3,26,8,2,1,365.94,1,2022-10-22,2022-10-22
CUST101443,Basic,Two year,8.8,36,2022-01-23,Credit card,0,55.2,15,5,2,0,316.8,0,,2025-01-22
CUST101316,Standard,Two year,19.76,2,2022-01-24,PayPal,1,90.7,20,7,1,1,39.52,0,,2022-03-25
CUST100381,Standard,Month-to-month,21.76,43,2022-01-25,Credit card,1,59.9,23,4,6,0,935.68,0,,2025-08-25
CUST100194,Basic,Month-to-month,9.41,59,2022-01-25,Credit card,1,36.9,3,4,3,0,555.19,1,2026-09-28,2026-09-28
CUST100217,Standard,Two year,21.03,6,2022-01-25,Credit card,1,84.5,24,9,1,0,126.18,0,,2022-07-26
CUST100017,Standard,Month-to-month,19.89,4,2022-01-26,Credit card,1,31.1,14,4,0,0,79.56,0,,2022-05-27
CUST100568,Premium,Month-to-month,40.36,19,2022-01-29,Manual/Invoice,1,88.0,23,10,1,1,766.84,0,,2023-08-30
CUST101152,Standard,Month-to-month,20.22,17,2022-01-31,Bank transfer,0,44.9,7,4,2,0,343.74,0,,2023-07-02
CUST101407,Premium,One year,40.64,17,2022-01-31,Credit card,1,42.3,14,4,1,0,690.88,0,,2023-07-02
CUST100949,Standard,Month-to-month,20.59,1,2022-02-02,Manual/Invoice,1,40.2,8,3,1,1,20.59,1,2022-03-04,2022-03-04
CUST100511,Basic,Two year,9.62,9,2022-02-04,Credit card,1,83.6,28,9,1,0,86.58,0,,2022-11-04
CUST100913,Basic,Month-to-month,10.19,5,2022-02-04,PayPal,1,36.0,10,4,4,0,50.95,1,2022-07-06,2022-07-06
CUST101130,Standard,Month-to-month,21.73,15,2022-02-05,Credit card,0,100.0,28,9,3,1,325.95,0,,2023-05-07
CUST100911,Basic,Month-to-month,11.23,3,2022-02-07,Credit card,1,58.3,20,9,0,0,33.69,0,,2022-05-09
CUST100829,Standard,Month-to-month,20.42,8,2022-02-07,PayPal,0,61.5,17,6,0,0,163.36,0,,2022-10-08
CUST100079,Basic,One year,11.62,62,2022-02-08,PayPal,0,56.1,13,5,0,0,720.44,0,,2026-09-28
CUST100449,Basic,One year,9.74,13,2022-02-09,Credit card,1,59.0,15,6,2,0,126.62,0,,2023-03-11
CUST100242,Premium,Two year,41.18,32,2022-02-10,Manual/Invoice,1,27.3,2,1,5,1,1317.76,0,,2024-10-11
CUST101381,Basic,Month-to-month,8.73,35,2022-02-11,Bank transfer,0,68.3,27,10,1,1,305.55,0,,2025-01-11
CUST100369,Basic,Month-to-month,8.87,0,2022-02-11,PayPal,0,80.8,23,8,1,0,0.0,1,2022-02-11,2022-02-11
CUST101010,Basic,Month-to-month,10.98,44,2022-02-12,PayPal,0,100.0,30,10,1,0,483.12,0,,2025-10-13
CUST100441,Premium,Month-to-month,41.36,10,2022-02-12,Credit card,1,90.9,24,10,1,0,413.6,0,,2022-12-13
CUST100661,Premium,Month-to-month,40.07,1,2022-02-13,Manual/Invoice,0,91.9,29,10,1,0,40.07,0,,2022-03-15
CUST101161,Basic,Two year,10.77,3,2022-02-15,PayPal,0,68.3,21,6,0,0,32.31,0,,2022-05-17
CUST100092,Standard,One year,18.0,4,2022-02-15,Credit card,1,65.1,16,4,2,0,72.0,0,,2022-06-16
CUST101263,Standard,Month-to-month,19.95,7,2022-02-16,Bank transfer,1,32.0,9,2,1,1,139.65,0,,2022-09-17
CUST100007,Premium,One year,40.55,5,2022-02-19,Manual/Invoice,1,57.6,17,3,3,0,202.75,0,,2022-07-21
CUST101436,Basic,Two year,9.38,14,2022-02-19,Manual/Invoice,1,33.0,9,2,3,0,131.32,0,,2023-04-21
CUST100431,Standard,Month-to-month,17.07,20,2022-02-21,Credit card,1,64.1,22,6,1,1,341.4,1,2023-10-22,2023-10-22
CUST100779,Standard,One year,20.09,7,2022-02-23,Bank transfer,1,16.0,0,0,2,0,140.63,0,,2022-09-24
CUST100218,Standard,Month-to-month,19.38,4,2022-02-24,PayPal,0,64.8,17,7,1,1,77.52,1,2022-06-25,2022-06-25
CUST101184,Basic,Two year,7.84,15,2022-02-26,Manual/Invoice,1,50.0,22,4,4,0,117.6,0,,2023-05-28
CUST100654,Basic,Month-to-month,9.72,39,2022-03-01,PayPal,0,55.4,25,5,0,0,379.08,0,,2025-05-31
CUST100280,Premium,Month-to-month,40.65,23,2022-03-01,Bank transfer,1,68.9,17,8,4,1,934.95,0,,2024-01-30
CUST100119,Standard,One year,19.68,3,2022-03-02,PayPal,1,52.9,17,4,0,0,59.04,0,,2022-06-01
CUST100769,Premium,Month-to-month,41.95,1,2022-03-06,Bank transfer,1,71.5,19,6,0,0,41.95,0,,2022-04-05
CUST100676,Basic,Month-to-month,8.85,44,2022-03-09,PayPal,1,66.0,14,9,3,0,389.4,0,,2025-11-07
CUST100342,Basic,Month-to-month,9.17,44,2022-03-10,PayPal,0,20.0,0,3,3,1,403.48,0,,2025-11-08
CUST100428,Basic,Month-to-month,9.16,32,2022-03-10,PayPal,0,43.2,12,3,1,0,293.12,0,,2024-11-08
CUST101244,Standard,Month-to-month,21.66,72,2022-03-12,Credit card,1,19.4,2,3,2,0,1559.52,0,,2026-09-28
CUST101092,Standard,Month-to-month,18.54,32,2022-03-13,Credit card,0,42.5,13,3,2,1,593.28,0,,2024-11-11
CUST101359,Standard,Month-to-month,19.14,21,2022-03-13,Credit card,1,50.7,20,7,0,0,401.94,0,,2023-12-12
CUST100636,Standard,One year,19.67,5,2022-03-15,Bank transfer,1,73.6,18,9,1,0,98.35,0,,2022-08-14
CUST100481,Standard,One year,21.4,6,2022-03-15,Credit card,0,60.4,19,4,4,0,128.4,0,,2022-09-13
CUST100743,Standard,One year,20.36,13,2022-03-15,Credit card,1,74.2,17,10,0,0,264.68,0,,2023-04-14
CUST100650,Basic,Two year,9.51,36,2022-03-19,Credit card,0,32.6,4,2,1,1,342.36,0,,2025-03-18
CUST100920,Premium,Two year,39.99,6,2022-03-20,PayPal,0,46.3,11,8,2,1,239.94,0,,2022-09-18
CUST100221,Standard,One year,19.5,1,2022-03-22,Credit card,1,38.6,16,4,1,1,19.5,0,,2022-04-21
CUST101370,Premium,Month-to-month,40.46,22,2022-03-22,Manual/Invoice,1,33.3,14,1,0,0,890.12,0,,2024-01-20
CUST101016,Basic,One year,8.38,9,2022-03-27,Manual/Invoice,0,43.2,16,6,1,1,75.42,1,2022-12-25,2022-12-25
CUST101486,Basic,One year,9.62,0,2022-03-27,Bank transfer,1,45.0,7,2,0,0,0.0,1,2022-03-27,2022-03-27
CUST100787,Basic,Month-to-month,9.96,9,2022-03-29,Bank transfer,1,96.8,25,7,5,0,89.64,0,,2022-12-27
CUST100188,Standard,Month-to-month,18.62,12,2022-03-29,Bank transfer,0,71.9,24,9,7,0,223.44,1,2023-03-29,2023-03-29
CUST101324,Premium,Month-to-month,39.44,26,2022-03-29,Credit card,1,53.5,16,6,1,1,1025.44,1,2024-05-28,2024-05-28
CUST100134,Premium,Month-to-month,40.07,11,2022-03-30,Credit card,1,52.7,17,6,3,0,440.77,1,2023-02-27,2023-02-27
CUST100605,Standard,Month-to-month,19.15,8,2022-03-31,PayPal,1,52.5,19,3,1,1,153.2,0,,2022-11-29
CUST101440,Premium,Month-to-month,38.11,10,2022-03-31,Bank transfer,0,13.6,4,2,1,1,381.1,1,2023-01-29,2023-01-29
CUST100439,Basic,Two year,9.26,16,2022-04-01,Bank transfer,1,54.2,18,5,4,0,148.16,0,,2023-08-01
CUST100520,Standard,Two year,20.39,12,2022-04-02,Credit card,1,66.4,13,6,2,1,244.68,0,,2023-04-02
CUST100506,Premium,Month-to-month,38.99,12,2022-04-04,PayPal,1,46.7,16,7,2,1,467.88,1,2023-04-04,2023-04-04
CUST100827,Basic,One year,10.51,19,2022-04-05,Credit card,1,32.5,11,3,4,1,199.69,0,,2023-11-04
CUST100960,Basic,Month-to-month,12.4,22,2022-04-07,Credit card,0,60.4,27,4,0,0,272.8,0,,2024-02-05
CUST101357,Basic,Month-to-month,7.77,10,2022-04-08,Bank transfer,1,54.7,16,5,3,0,77.7,0,,2023-02-06
CUST100482,Standard,One year,19.91,13,2022-04-08,PayPal,0,69.3,21,8,1,1,258.83,0,,2023-05-08
CUST101392,Basic,Month-to-month,11.86,39,2022-04-09,Bank transfer,1,39.9,7,4,1,1,462.54,0,,2025-07-09
CUST100992,Basic,One year,10.01,0,2022-04-12,Credit card,1,53.4,18,7,2,0,0.0,0,,2022-04-12
CUST100486,Basic,One year,9.8,7,2022-04-12,Manual/Invoice,1,44.7,16,2,2,0,68.6,0,,2022-11-11
CUST101222,Basic,One year,10.33,27,2022-04-17,PayPal,1,32.3,5,3,2,0,278.91,0,,2024-07-16
CUST100036,Basic,Two year,9.97,2,2022-04-20,Credit card,1,42.4,24,5,0,0,19.94,0,,2022-06-19
CUST100230,Standard,Month-to-month,20.45,40,2022-04-22,Credit card,1,42.4,15,6,0,0,818.0,0,,2025-08-21
CUST100854,Basic,Month-to-month,10.82,2,2022-04-23,Manual/Invoice,1,57.9,21,4,2,0,21.64,1,2022-06-22,2022-06-22
CUST100902,Basic,One year,10.38,6,2022-04-23,PayPal,1,57.1,27,3,1,1,62.28,0,,2022-10-22
CUST100064,Basic,One year,9.8,12,2022-04-25,Bank transfer,0,43.0,19,3,4,1,117.6,0,,2023-04-25
CUST100754,Basic,Month-to-month,8.19,2,2022-04-28,Manual/Invoice,1,35.0,6,4,1,0,16.38,0,,2022-06-27
CUST101430,Standard,Month-to-month,21.23,9,2022-04-30,Manual/Invoice,1,76.5,28,9,1,1,191.07,1,2023-01-28,2023-01-28
CUST100237,Basic,Month-to-month,9.02,8,2022-05-03,Bank transfer,1,49.4,24,5,2,1,72.16,0,,2023-01-01
CUST100872,Standard,One year,20.47,0,2022-05-04,PayPal,0,27.6,10,4,1,1,0.0,0,,2022-05-04
CUST100816,Standard,One year,21.11,54,2022-05-05,Bank transfer,1,54.3,13,4,1,0,1139.94,0,,2026-09-28
CUST100193,Standard,Month-to-month,20.75,9,2022-05-06,Manual/Invoice,1,41.7,8,4,0,0,186.75,0,,2023-02-03
CUST100389,Premium,Month-to-month,41.22,14,2022-05-08,Credit card,1,60.4,16,7,1,0,577.08,0,,2023-07-08
CUST101258,Basic,Two year,10.38,35,2022-05-09,PayPal,1,42.7,17,4,3,0,363.3,0,,2025-04-08
CUST100459,Basic,Month-to-month,11.14,19,2022-05-09,Bank transfer,1,61.0,15,6,2,1,211.66,0,,2023-12-08
CUST100518,Premium,Two year,40.99,22,2022-05-10,Manual/Invoice,1,89.9,26,10,1,0,901.78,0,,2024-03-09
CUST100323,Basic,Month-to-month,9.59,7,2022-05-10,Credit card,1,71.1,18,10,1,0,67.13,1,2022-12-09,2022-12-09
CUST100088,Premium,Two year,40.22,13,2022-05-11,Manual/Invoice,1,84.0,25,8,2,1,522.86,0,,2023-06-10
CUST101023,Premium,Month-to-month,41.36,13,2022-05-12,Credit card,1,100.0,31,10,2,0,537.68,1,2023-06-11,2023-06-11
CUST100027,Standard,Month-to-month,19.77,6,2022-05-12,PayPal,1,62.9,12,5,0,0,118.62,0,,2022-11-10
CUST100202,Basic,One year,10.11,55,2022-05-12,Credit card,1,47.7,16,2,2,0,556.05,0,,2026-09-28
CUST100392,Basic,Month-to-month,9.11,11,2022-05-14,Manual/Invoice,1,84.4,25,10,1,0,100.21,0,,2023-04-13
CUST100471,Premium,Month-to-month,39.14,18,2022-05-16,PayPal,1,41.7,18,5,1,1,704.52,0,,2023-11-14
CUST100159,Standard,Month-to-month,19.8,16,2022-05-18,Manual/Invoice,1,25.0,10,3,5,1,316.8,1,2023-09-17,2023-09-17
CUST100862,Standard,Month-to-month,21.35,4,2022-05-21,Manual/Invoice,1,40.8,16,5,2,1,85.4,0,,2022-09-19
CUST100733,Standard,Month-to-month,19.88,27,2022-05-22,Bank transfer,1,54.8,19,4,1,0,536.76,0,,2024-08-20
CUST100509,Standard,Month-to-month,20.54,34,2022-05-24,Credit card,0,49.2,16,3,0,0,698.36,0,,2025-03-23
CUST100245,Premium,Month-to-month,39.23,44,2022-05-27,Bank transfer,1,37.0,7,1,1,1,1726.12,0,,2026-01-25
CUST100643,Basic,Month-to-month,8.48,13,2022-05-28,Credit card,1,38.0,6,2,2,1,110.24,0,,2023-06-27
CUST100594,Premium,One year,40.5,35,2022-05-28,PayPal,0,51.0,19,4,2,0,1417.5,0,,2025-04-27
CUST100982,Basic,One year,10.16,8,2022-05-29,Bank transfer,1,69.6,14,8,3,0,81.28,0,,2023-01-27
CUST100868,Premium,Month-to-month,40.2,24,2022-05-29,Credit card,0,87.1,28,9,1,0,964.8,0,,2024-05-28
CUST100540,Premium,Month-to-month,40.34,72,2022-05-30,Credit card,1,20.8,7,1,1,0,2904.48,0,,2026-09-28
CUST100672,Basic,One year,10.94,16,2022-05-31,PayPal,1,28.0,9,2,4,0,175.04,0,,2023-09-30
CUST101468,Premium,Month-to-month,39.55,6,2022-05-31,Credit card,0,54.9,18,6,2,0,237.3,1,2022-11-29,2022-11-29
CUST100770,Basic,One year,8.76,19,2022-06-01,Bank transfer,1,33.7,10,2,1,0,166.44,0,,2023-12-31
CUST100070,Standard,Month-to-month,19.43,52,2022-06-04,PayPal,1,47.8,18,7,1,0,1010.36,0,,2026-09-28
CUST101220,Premium,Month-to-month,39.03,31,2022-06-06,Credit card,0,46.4,21,6,0,0,1209.93,1,2025-01-04,2025-01-04
CUST100861,Standard,One year,20.27,2,2022-06-07,Credit card,1,67.0,23,7,2,0,40.54,0,,2022-08-06
CUST100534,Standard,Month-to-month,20.12,6,2022-06-08,Credit card,0,67.3,24,9,0,0,120.72,1,2022-12-07,2022-12-07
CUST101223,Premium,One year,39.94,0,2022-06-09,Credit card,1,75.6,22,8,0,0,0.0,0,,2022-06-09
CUST100379,Basic,Month-to-month,7.12,19,2022-06-10,Manual/Invoice,1,19.1,11,1,4,0,135.28,0,,2024-01-09
CUST100983,Basic,One year,10.23,15,2022-06-11,Manual/Invoice,0,36.4,14,5,1,0,153.45,0,,2023-09-10
CUST100628,Basic,Month-to-month,10.31,14,2022-06-14,Manual/Invoice,0,51.5,16,6,1,1,144.34,0,,2023-08-14
CUST100907,Basic,Month-to-month,9.86,27,2022-06-16,Credit card,0,52.0,23,5,1,1,266.22,0,,2024-09-14
CUST100204,Standard,Month-to-month,21.19,17,2022-06-19,PayPal,1,65.4,24,7,0,0,360.23,0,,2023-11-18
CUST101234,Standard,Month-to-month,19.91,9,2022-06-20,PayPal,1,46.0,16,5,3,0,179.19,0,,2023-03-20
CUST100290,Basic,Month-to-month,10.3,4,2022-06-22,Credit card,0,57.2,22,6,4,0,41.2,1,2022-10-21,2022-10-21
CUST100883,Basic,Two year,10.14,25,2022-06-23,Bank transfer,1,42.0,15,7,0,0,253.5,0,,2024-07-23
CUST100339,Basic,Two year,10.58,10,2022-06-23,Bank transfer,0,34.5,19,3,2,0,105.8,0,,2023-04-23
CUST101159,Basic,Month-to-month,8.89,6,2022-06-26,PayPal,0,93.9,21,10,2,0,53.34,0,,2022-12-25
CUST100802,Standard,Month-to-month,20.51,1,2022-06-26,Credit card,1,69.3,28,6,1,1,20.51,1,2022-07-26,2022-07-26
CUST100437,Premium,Two year,42.05,49,2022-06-29,PayPal,1,28.8,11,5,4,1,2060.45,1,2026-07-29,2026-07-29
CUST100542,Basic,One year,10.62,8,2022-06-30,Bank transfer,0,23.6,6,0,3,0,84.96,1,2023-02-28,2023-02-28
CUST100803,Standard,Month-to-month,20.64,30,2022-06-30,Credit card,1,50.3,14,5,2,0,619.2,0,,2024-12-29
CUST100207,Standard,Two year,19.06,1,2022-07-01,Bank transfer,1,61.1,17,5,1,0,19.06,0,,2022-07-31
CUST101291,Basic,Month-to-month,9.16,28,2022-07-01,PayPal,1,39.5,15,4,3,1,256.48,1,2024-10-30,2024-10-30
CUST101118,Basic,Month-to-month,10.66,3,2022-07-01,Credit card,0,62.1,21,8,5,1,31.98,0,,2022-09-30
CUST100156,Standard,Month-to-month,18.92,67,2022-07-02,Bank transfer,1,97.9,25,10,0,0,1267.64,0,,2026-09-28
CUST100462,Standard,One year,20.91,12,2022-07-04,PayPal,1,72.3,25,7,1,1,250.92,0,,2023-07-04
CUST100473,Premium,One year,41.02,0,2022-07-06,Manual/Invoice,1,57.5,14,3,1,0,0.0,0,,2022-07-06
CUST100288,Basic,Month-to-month,11.23,24,2022-07-09,Credit card,1,63.0,20,6,1,0,269.52,0,,2024-07-08
CUST101498,Basic,Month-to-month,10.16,13,2022-07-10,Credit card,1,63.9,9,7,2,1,132.08,1,2023-08-09,2023-08-09
CUST100029,Basic,Two year,9.02,1,2022-07-10,Credit card,1,42.4,13,4,1,1,9.02,0,,2022-08-09
CUST100974,Basic,Month-to-month,9.64,11,2022-07-10,Manual/Invoice,1,82.5,23,7,1,0,106.04,1,2023-06-09,2023-06-09
CUST101116,Basic,One year,10.67,71,2022-07-12,Credit card,1,36.4,10,5,1,0,757.57,0,,2026-09-28
CUST100727,Standard,Two year,20.41,72,2022-07-13,Credit card,0,32.4,6,3,1,0,1469.52,0,,2026-09-28
CUST101333,Premium,Two year,41.43,1,2022-07-17,Credit card,1,46.2,9,6,0,0,41.43,0,,2022-08-16
CUST100309,Basic,Month-to-month,10.43,37,2022-07-18,Bank transfer,1,83.5,29,10,0,0,385.91,0,,2025-08-17
CUST100729,Basic,Month-to-month,9.98,14,2022-07-19,PayPal,0,33.5,8,4,0,0,139.72,1,2023-09-18,2023-09-18
CUST101378,Basic,Month-to-month,8.74,31,2022-07-19,PayPal,1,43.8,9,5,1,0,270.94,1,2025-02-16,2025-02-16
CUST100579,Basic,Month-to-month,11.7,4,2022-07-21,Bank transfer,1,51.7,20,6,1,0,46.8,0,,2022-11-19
CUST100834,Standard,One year,20.34,7,2022-07-22,Credit card,1,87.1,31,6,3,0,142.38,0,,2023-02-20
CUST100633,Standard,Month-to-month,20.66,21,2022-07-22,PayPal,0,57.2,20,5,1,0,433.86,0,,2024-04-21
CUST100198,Premium,Month-to-month,38.51,29,2022-07-24,Credit card,0,72.6,16,6,0,0,1116.79,0,,2024-12-22
CUST100438,Standard,Month-to-month,20.01,12,2022-07-25,Credit card,0,47.1,8,4,2,0,240.12,1,2023-07-25,2023-07-25
CUST100370,Basic,One year,10.13,25,2022-07-26,Manual/Invoice,1,52.3,19,5,2,0,253.25,0,,2024-08-25
CUST100049,Basic,One year,11.74,54,2022-07-26,Credit card,1,75.1,28,5,2,0,633.96,1,2026-09-28,2026-09-28
CUST101375,Premium,Month-to-month,39.69,2,2022-07-26,Credit card,1,27.0,14,3,5,1,79.38,0,,2022-09-24
CUST100917,Premium,Month-to-month,41.19,2,2022-07-28,PayPal,1,47.7,17,5,0,0,82.38,0,,2022-09-26
CUST100990,Standard,Month-to-month,19.81,3,2022-07-29,Manual/Invoice,1,58.2,20,5,0,0,59.43,0,,2022-10-28
CUST101471,Standard,Month-to-month,20.45,4,2022-07-29,PayPal,1,14.7,5,1,1,1,81.8,0,,2022-11-27
CUST101479,Basic,Month-to-month,10.39,1,2022-08-01,PayPal,1,37.5,9,5,2,1,10.39,1,2022-08-31,2022-08-31
CUST101249,Standard,Month-to-month,18.84,26,2022-08-01,Credit card,1,49.9,17,5,1,0,489.84,0,,2024-09-30
CUST100401,Premium,Month-to-month,39.24,13,2022-08-02,Credit card,1,56.2,14,8,2,0,510.12,0,,2023-09-01
CUST101398,Standard,Month-to-month,20.32,40,2022-08-03,PayPal,0,74.9,23,8,0,0,812.8,0,,2025-12-02
CUST101308,Basic,Month-to-month,10.67,15,2022-08-07,PayPal,1,39.0,13,5,1,1,160.05,1,2023-11-06,2023-11-06
CUST100149,Basic,Two year,10.46,5,2022-08-08,Credit card,1,40.6,11,4,1,1,52.3,0,,2023-01-07
CUST101015,Premium,Month-to-month,42.08,21,2022-08-08,Credit card,1,66.3,22,5,0,0,883.68,0,,2024-05-08
CUST101403,Standard,Month-to-month,20.25,22,2022-08-09,Bank transfer,0,38.0,17,2,1,0,445.5,0,,2024-06-08
CUST100494,Standard,One year,20.33,20,2022-08-12,Credit card,0,65.4,20,6,1,0,406.6,0,,2024-04-11
CUST101423,Basic,Month-to-month,11.21,13,2022-08-13,PayPal,1,40.4,12,6,2,1,145.73,1,2023-09-12,2023-09-12
CUST100919,Basic,One year,9.54,52,2022-08-13,PayPal,0,68.7,27,5,0,0,496.08,0,,2026-09-28
CUST100269,Basic,Month-to-month,9.71,10,2022-08-13,Credit card,1,41.7,17,4,1,0,97.1,0,,2023-06-13
CUST101327,Standard,Month-to-month,19.94,60,2022-08-16,PayPal,1,46.9,18,3,0,0,1196.4,0,,2026-09-28
CUST100756,Standard,One year,19.2,37,2022-08-17,PayPal,0,56.9,21,6,0,0,710.4,0,,2025-09-16
CUST100469,Premium,Month-to-month,40.84,63,2022-08-18,Credit card,1,69.1,20,7,0,0,2572.92,0,,2026-09-28
CUST100823,Basic,One year,10.85,22,2022-08-22,PayPal,0,55.7,13,6,2,1,238.7,0,,2024-06-21
CUST101380,Basic,Month-to-month,9.28,4,2022-08-23,Credit card,0,78.8,23,6,0,0,37.12,0,,2022-12-22
CUST100713,Basic,Month-to-month,10.77,12,2022-08-25,Bank transfer,1,78.3,25,9,1,0,129.24,0,,2023-08-25
CUST100873,Basic,Month-to-month,10.5,13,2022-08-27,Credit card,1,78.6,28,9,1,0,136.5,0,,2023-09-26
CUST100235,Standard,One year,20.17,18,2022-08-28,PayPal,1,48.5,18,3,1,1,363.06,0,,2024-02-26
CUST101284,Basic,Month-to-month,9.49,19,2022-08-30,Credit card,1,48.2,14,6,0,0,180.31,0,,2024-03-30
CUST101055,Basic,Two year,10.26,72,2022-09-01,PayPal,1,91.4,32,7,0,0,738.72,0,,2026-09-28
CUST100162,Standard,Two year,19.92,28,2022-09-02,Credit card,0,44.7,8,4,1,0,557.76,0,,2025-01-01
CUST101105,Basic,Two year,11.18,4,2022-09-02,Credit card,0,0.0,0,0,2,0,44.72,0,,2023-01-01
CUST100711,Standard,Month-to-month,19.78,72,2022-09-03,PayPal,0,81.8,29,10,0,0,1424.16,0,,2026-09-28
CUST100421,Standard,Month-to-month,21.14,1,2022-09-04,Bank transfer,1,58.9,13,5,2,0,21.14,0,,2022-10-04
CUST100508,Premium,Month-to-month,40.83,14,2022-09-06,Bank transfer,0,84.2,21,6,0,0,571.62,0,,2023-11-06
CUST101416,Basic,One year,11.45,31,2022-09-06,Bank transfer,0,58.3,24,6,2,1,354.95,0,,2025-04-06
CUST101151,Premium,Two year,41.79,17,2022-09-08,Credit card,1,57.5,14,3,3,0,710.43,0,,2024-02-07
CUST101176,Standard,Month-to-month,20.49,12,2022-09-09,PayPal,1,64.3,18,8,1,0,245.88,0,,2023-09-09
CUST100798,Standard,One year,21.05,21,2022-09-11,Bank transfer,0,54.9,9,6,1,1,442.05,0,,2024-06-11
CUST100751,Premium,Month-to-month,42.22,6,2022-09-15,Credit card,0,78.4,25,8,2,0,253.32,0,,2023-03-16
CUST101112,Basic,One year,9.31,16,2022-09-15,Bank transfer,1,59.5,18,5,1,0,148.96,0,,2024-01-15
CUST101397,Basic,Month-to-month,9.99,72,2022-09-16,Bank transfer,1,33.9,5,5,1,0,719.28,0,,2026-09-28
CUST100795,Premium,Month-to-month,41.36,2,2022-09-16,Credit card,1,49.0,18,7,2,1,82.72,1,2022-11-15,2022-11-15
CUST101426,Basic,Month-to-month,8.67,66,2022-09-21,Credit card,1,77.0,25,10,4,0,572.22,0,,2026-09-28
CUST100832,Basic,Month-to-month,11.18,72,2022-09-23,Manual/Invoice,1,65.0,21,7,2,0,804.96,0,,2026-09-28
CUST101293,Standard,One year,19.27,39,2022-09-23,PayPal,0,55.0,9,4,1,0,751.53,0,,2025-12-23
CUST100929,Basic,Month-to-month,11.44,34,2022-09-25,Manual/Invoice,1,81.2,22,6,2,0,388.96,0,,2025-07-25
CUST100863,Basic,Month-to-month,8.68,56,2022-09-27,Credit card,1,57.3,18,8,3,1,486.08,0,,2026-09-28
CUST101432,Standard,Month-to-month,19.95,28,2022-09-28,Credit card,1,74.3,23,7,0,0,558.6,0,,2025-01-27
CUST100793,Standard,One year,19.34,21,2022-09-30,PayPal,1,76.5,21,5,0,0,406.14,0,,2024-06-30
CUST101180,Premium,Month-to-month,40.69,2,2022-10-01,Bank transfer,1,73.6,13,10,2,0,81.38,0,,2022-11-30
CUST100152,Basic,Month-to-month,11.38,18,2022-10-01,Manual/Invoice,1,27.9,10,1,1,1,204.84,0,,2024-03-31
CUST101175,Standard,Month-to-month,20.57,2,2022-10-01,Credit card,1,94.4,27,10,0,0,41.14,0,,2022-11-30
CUST101201,Basic,Month-to-month,8.64,8,2022-10-02,Credit card,0,66.5,21,7,1,0,69.12,0,,2023-06-02
CUST100266,Standard,Month-to-month,22.05,2,2022-10-02,PayPal,1,38.0,16,6,3,0,44.1,0,,2022-12-01
CUST101315,Standard,Month-to-month,20.71,5,2022-10-04,PayPal,1,64.4,15,8,0,0,103.55,0,,2023-03-05
CUST101124,Standard,Month-to-month,19.53,0,2022-10-04,Credit card,1,64.5,23,7,1,1,0.0,0,,2022-10-04
CUST100777,Standard,One year,20.46,9,2022-10-05,Credit card,1,75.0,16,6,1,1,184.14,0,,2023-07-05
CUST100675,Premium,Month-to-month,40.35,23,2022-10-07,Credit card,1,37.0,10,4,3,0,928.05,0,,2024-09-06
CUST100490,Standard,Month-to-month,20.57,4,2022-10-08,PayPal,0,64.5,22,7,1,0,82.28,1,2023-02-06,2023-02-06
CUST100009,Standard,One year,20.84,22,2022-10-10,Credit card,0,41.8,9,6,2,0,458.48,0,,2024-08-09
CUST100151,Basic,Month-to-month,10.81,8,2022-10-11,Bank transfer,1,34.2,9,4,2,0,86.48,0,,2023-06-11
CUST101026,Premium,One year,38.57,14,2022-10-12,Bank transfer,1,53.9,29,4,0,0,539.98,0,,2023-12-12
CUST100997,Basic,Month-to-month,9.67,12,2022-10-12,Bank transfer,0,52.9,10,7,0,0,116.04,0,,2023-10-12
CUST100613,Basic,Month-to-month,10.18,7,2022-10-13,Credit card,1,12.9,0,3,2,0,71.26,1,2023-05-14,2023-05-14
CUST101476,Premium,Month-to-month,40.18,23,2022-10-14,Credit card,1,50.7,20,7,2,0,924.14,0,,2024-09-13
CUST100249,Premium,Month-to-month,39.74,21,2022-10-14,Bank transfer,1,61.7,19,7,2,0,834.54,0,,2024-07-14
CUST100869,Premium,Month-to-month,39.5,25,2022-10-18,PayPal,1,13.4,0,1,6,1,987.5,1,2024-11-17,2024-11-17
CUST100244,Basic,One year,10.99,72,2022-10-21,Bank transfer,1,70.7,23,9,2,1,791.28,0,,2026-09-28
CUST101255,Basic,One year,10.26,2,2022-10-22,PayPal,1,34.0,14,3,2,0,20.52,0,,2022-12-21
CUST100933,Standard,One year,18.85,3,2022-10-23,PayPal,1,57.0,22,5,2,0,56.55,0,,2023-01-22
CUST100804,Basic,Month-to-month,10.55,41,2022-10-27,PayPal,1,69.1,15,9,2,1,432.55,0,,2026-03-28
CUST101208,Basic,One year,8.87,8,2022-10-28,Credit card,1,17.5,8,3,3,1,70.96,1,2023-06-28,2023-06-28
CUST100293,Basic,Two year,12.59,5,2022-10-28,Credit card,1,68.3,24,7,0,0,62.95,0,,2023-03-29
CUST100969,Standard,Month-to-month,20.71,19,2022-10-28,Credit card,1,55.8,20,5,1,1,393.49,0,,2024-05-28
CUST100008,Standard,One year,20.58,7,2022-10-28,Credit card,1,53.7,13,6,0,0,144.06,0,,2023-05-29
CUST101266,Basic,One year,10.56,17,2022-10-29,Credit card,0,48.5,13,4,2,0,179.52,0,,2024-03-29
CUST100799,Premium,Month-to-month,40.21,33,2022-11-01,Credit card,1,63.0,23,7,0,0,1326.93,0,,2025-08-01
CUST100376,Premium,One year,40.5,15,2022-11-03,PayPal,1,42.8,13,2,1,0,607.5,0,,2024-02-02
CUST101049,Basic,Month-to-month,9.99,1,2022-11-03,PayPal,1,25.6,6,3,3,0,9.99,0,,2022-12-03
CUST100368,Basic,Month-to-month,9.5,15,2022-11-03,Credit card,1,59.4,18,9,0,0,142.5,0,,2024-02-02
CUST100104,Premium,Month-to-month,40.16,14,2022-11-03,PayPal,1,16.1,4,3,3,1,562.24,0,,2024-01-03
CUST100805,Standard,Two year,20.08,7,2022-11-05,Bank transfer,1,70.5,20,6,3,0,140.56,0,,2023-06-06
CUST101058,Standard,Month-to-month,22.09,6,2022-11-05,PayPal,0,43.3,14,4,2,0,132.54,1,2023-05-06,2023-05-06
CUST100121,Premium,Month-to-month,39.84,20,2022-11-06,Credit card,0,54.8,20,5,1,1,796.8,1,2024-07-06,2024-07-06
CUST100934,Basic,Month-to-month,11.03,7,2022-11-08,Credit card,1,47.2,10,3,3,1,77.21,0,,2023-06-09
CUST100367,Premium,Month-to-month,41.53,11,2022-11-10,Credit card,1,51.1,19,6,0,0,456.83,0,,2023-10-10
CUST101321,Basic,Month-to-month,11.71,7,2022-11-10,Credit card,0,23.3,13,3,3,1,81.97,0,,2023-06-11
CUST100103,Standard,Month-to-month,19.07,12,2022-11-17,Bank transfer,1,77.6,24,5,3,1,228.84,0,,2023-11-17
CUST101401,Basic,Month-to-month,10.08,2,2022-11-18,Credit card,1,44.8,18,3,0,0,20.16,0,,2023-01-17
CUST101382,Premium,Month-to-month,39.77,28,2022-11-18,Credit card,0,54.4,16,5,0,0,1113.56,0,,2025-03-19
CUST101239,Basic,Two year,10.06,4,2022-11-19,PayPal,1,67.6,20,6,2,1,40.24,0,,2023-03-20
CUST101457,Standard,Month-to-month,20.07,9,2022-11-21,Bank transfer,0,12.3,6,0,3,1,180.63,1,2023-08-21,2023-08-21
CUST100442,Basic,Month-to-month,9.34,48,2022-11-21,Credit card,1,37.9,6,4,1,1,448.32,1,2026-09-28,2026-09-28
CUST101214,Standard,Two year,21.11,13,2022-11-22,PayPal,0,100.0,29,10,0,0,274.43,0,,2023-12-22
CUST100443,Basic,Month-to-month,9.19,49,2022-11-22,Credit card,1,41.6,11,4,4,1,450.31,0,,2026-09-28
CUST101348,Premium,Month-to-month,38.64,32,2022-11-23,Credit card,0,69.8,20,6,0,0,1236.48,0,,2025-07-24
CUST100660,Basic,Month-to-month,9.86,22,2022-11-25,Credit card,1,38.5,14,5,4,0,216.92,0,,2024-09-24
CUST100501,Standard,One year,19.87,10,2022-11-26,Credit card,1,52.1,21,6,2,0,198.7,0,,2023-09-26
CUST100580,Standard,One year,19.89,9,2022-11-27,Credit card,1,79.0,22,7,1,0,179.01,0,,2023-08-27
CUST100927,Standard,Two year,19.84,54,2022-11-28,PayPal,1,67.5,24,3,0,0,1071.36,0,,2026-09-28
CUST100394,Basic,Month-to-month,9.76,5,2022-11-28,Credit card,1,18.2,6,2,0,0,48.8,0,,2023-04-29
CUST100809,Basic,Two year,11.12,0,2022-11-29,PayPal,1,83.9,28,10,1,0,0.0,0,,2022-11-29
CUST100504,Standard,Month-to-month,21.29,10,2022-11-29,PayPal,0,50.0,13,6,1,0,212.9,1,2023-09-29,2023-09-29
CUST100240,Premium,One year,38.94,10,2022-11-29,Credit card,1,17.0,0,0,6,1,389.4,0,,2023-09-29
CUST100630,Standard,Month-to-month,18.11,19,2022-11-29,PayPal,1,63.8,18,5,1,0,344.09,0,,2024-06-29
CUST101139,Standard,Month-to-month,18.49,72,2022-12-02,Manual/Invoice,1,79.2,26,6,0,0,1331.28,0,,2026-09-28
CUST100610,Basic,Month-to-month,10.03,8,2022-12-03,Bank transfer,1,63.8,16,6,1,1,80.24,0,,2023-08-03
CUST100168,Basic,Month-to-month,8.78,4,2022-12-03,Credit card,1,38.6,7,5,2,1,35.12,0,,2023-04-03
CUST101347,Basic,One year,11.23,9,2022-12-04,Credit card,1,35.4,10,5,3,0,101.07,0,,2023-09-03
CUST100222,Basic,Month-to-month,12.15,18,2022-12-04,Credit card,0,81.1,19,9,1,1,218.7,0,,2024-06-03
CUST100556,Basic,One year,10.32,72,2022-12-04,Credit card,1,61.9,23,7,1,1,743.04,0,,2026-09-28
CUST101247,Basic,Month-to-month,10.82,17,2022-12-07,Credit card,1,45.3,14,3,0,0,183.94,0,,2024-05-07
CUST101187,Basic,Two year,9.13,11,2022-12-09,PayPal,1,61.3,18,6,3,1,100.43,0,,2023-11-08
CUST101286,Basic,Month-to-month,10.28,1,2022-12-10,Credit card,0,79.6,21,8,2,0,10.28,0,,2023-01-09
CUST101227,Basic,Month-to-month,9.07,18,2022-12-11,Bank transfer,0,31.6,8,2,1,0,163.26,0,,2024-06-10
CUST100976,Standard,One year,20.09,2,2022-12-12,PayPal,1,78.7,24,8,1,0,40.18,0,,2023-02-10
CUST101351,Standard,Two year,20.54,10,2022-12-13,Manual/Invoice,1,93.3,23,7,2,1,205.4,0,,2023-10-13
CUST100325,Standard,Month-to-month,20.92,26,2022-12-15,Credit card,1,60.7,18,5,3,0,543.92,0,,2025-02-13
CUST101444,Premium,Month-to-month,39.37,9,2022-12-17,Credit card,1,73.9,20,6,1,1,354.33,0,,2023-09-16
CUST101028,Basic,Two year,9.56,13,2022-12-18,Credit card,1,58.2,19,5,0,0,124.28,0,,2024-01-17
CUST100253,Basic,Month-to-month,12.16,7,2022-12-21,Bank transfer,0,42.6,7,5,3,1,85.12,1,2023-07-22,2023-07-22
CUST101003,Standard,Month-to-month,21.13,19,2022-12-21,Manual/Invoice,1,38.1,14,4,1,0,401.47,0,,2024-07-21
CUST100915,Basic,One year,9.67,11,2022-12-21,Credit card,0,46.3,10,5,1,0,106.37,0,,2023-11-20
CUST100361,Standard,Month-to-month,20.57,47,2022-12-22,Credit card,1,81.9,25,7,0,0,966.79,0,,2026-09-28
CUST101019,Basic,One year,10.0,14,2022-12-22,Credit card,0,20.2,3,3,1,0,140.0,0,,2024-02-21
CUST100113,Premium,Month-to-month,39.67,0,2022-12-25,Credit card,1,67.2,19,7,0,0,0.0,0,,2022-12-25
CUST100406,Basic,Month-to-month,10.06,7,2022-12-25,PayPal,0,38.8,11,0,1,0,70.42,0,,2023-07-26
CUST100517,Premium,Month-to-month,41.51,0,2022-12-28,PayPal,0,53.4,8,4,2,0,0.0,0,,2022-12-28
CUST101122,Premium,One year,41.18,24,2023-01-04,PayPal,1,45.9,15,6,2,0,988.32,0,,2025-01-03
CUST100493,Basic,One year,9.64,15,2023-01-07,PayPal,1,64.3,20,6,0,0,144.6,0,,2024-04-07
CUST100304,Standard,Month-to-month,19.41,12,2023-01-09,Credit card,1,76.3,28,10,4,0,232.92,0,,2024-01-09
CUST100143,Basic,Month-to-month,9.23,12,2023-01-09,PayPal,0,51.7,14,6,0,0,110.76,0,,2024-01-09
CUST101477,Standard,Month-to-month,20.93,38,2023-01-10,PayPal,1,0.0,0,0,11,0,795.34,1,2026-03-11,2026-03-11
CUST100407,Basic,One year,10.51,33,2023-01-10,Credit card,0,58.8,21,7,2,0,346.83,0,,2025-10-10
CUST101050,Premium,Month-to-month,38.74,72,2023-01-11,Credit card,0,61.7,22,5,0,0,2789.28,1,2026-09-28,2026-09-28
CUST100114,Standard,Month-to-month,21.2,72,2023-01-11,PayPal,1,77.0,24,8,5,1,1526.4,0,,2026-09-28
CUST100651,Standard,Two year,20.14,32,2023-01-15,Credit card,0,39.9,10,4,2,1,644.48,0,,2025-09-15
CUST101127,Basic,One year,9.74,15,2023-01-18,PayPal,1,63.2,20,7,1,1,146.1,0,,2024-04-18
CUST100785,Premium,Month-to-month,39.62,24,2023-01-18,Credit card,1,43.9,16,4,1,0,950.88,0,,2025-01-17
CUST101232,Basic,Month-to-month,8.49,4,2023-01-19,Manual/Invoice,0,64.2,19,7,2,1,33.96,0,,2023-05-20
CUST100484,Standard,Month-to-month,18.93,29,2023-01-20,Credit card,1,55.3,17,4,1,0,548.97,1,2025-06-20,2025-06-20
CUST101125,Standard,One year,20.45,17,2023-01-22,Credit card,0,69.2,15,5,2,0,347.65,0,,2024-06-22
CUST100314,Premium,One year,39.21,10,2023-01-22,PayPal,0,57.9,16,6,1,1,392.1,0,,2023-11-22
CUST101094,Basic,Month-to-month,8.74,11,2023-01-22,PayPal,1,57.4,13,6,2,0,96.14,0,,2023-12-22
CUST100909,Basic,One year,10.92,10,2023-01-23,Bank transfer,1,62.1,16,8,2,1,109.2,1,2023-11-23,2023-11-23
CUST100404,Basic,Month-to-month,10.73,4,2023-01-25,Credit card,1,53.8,12,7,1,1,42.92,0,,2023-05-26
CUST101329,Standard,Two year,18.07,3,2023-01-26,PayPal,1,14.0,1,1,3,0,54.21,0,,2023-04-27
CUST101497,Standard,Month-to-month,20.88,13,2023-01-27,PayPal,0,26.8,14,6,6,0,271.44,1,2024-02-26,2024-02-26
CUST101287,Basic,One year,9.76,1,2023-01-29,Bank transfer,1,64.2,17,8,3,0,9.76,0,,2023-02-28
CUST101075,Basic,One year,10.72,5,2023-01-29,Credit card,1,40.9,7,5,1,1,53.6,0,,2023-06-30
CUST101261,Standard,Month-to-month,21.16,7,2023-01-29,Credit card,0,54.4,16,4,1,1,148.12,1,2023-08-30,2023-08-30
CUST101174,Standard,Month-to-month,20.88,19,2023-01-31,Credit card,0,64.4,21,7,3,0,396.72,0,,2024-08-31
CUST100457,Standard,Month-to-month,19.24,72,2023-01-31,Manual/Invoice,1,85.7,22,6,1,0,1385.28,0,,2026-09-28
CUST101281,Standard,Month-to-month,21.37,14,2023-01-31,Credit card,1,60.9,24,6,0,0,299.18,0,,2024-04-01
CUST100851,Standard,Month-to-month,19.23,7,2023-02-01,Bank transfer,1,63.0,16,7,1,1,134.61,0,,2023-09-02
CUST100614,Premium,One year,39.25,36,2023-02-02,Credit card,1,26.5,11,2,1,1,1413.0,0,,2026-02-01
CUST101463,Standard,Month-to-month,21.4,1,2023-02-08,Credit card,1,68.3,25,4,3,1,21.4,0,,2023-03-10
CUST100072,Basic,Two year,9.9,31,2023-02-11,Credit card,1,53.2,15,4,0,0,306.9,0,,2025-09-11
CUST101093,Standard,Month-to-month,19.98,36,2023-02-11,Credit card,1,35.4,10,3,1,0,719.28,1,2026-02-10,2026-02-10
CUST100797,Standard,Month-to-month,23.13,19,2023-02-13,PayPal,1,44.5,18,3,0,0,439.47,0,,2024-09-13
CUST101063,Basic,One year,9.81,49,2023-02-13,PayPal,0,82.2,27,8,0,0,480.69,0,,2026-09-28
CUST100387,Basic,One year,10.29,1,2023-02-13,Credit card,1,49.8,14,6,0,0,10.29,0,,2023-03-15
CUST100333,Basic,Month-to-month,10.17,7,2023-02-15,Credit card,1,80.1,27,7,1,1,71.19,1,2023-09-16,2023-09-16
CUST101386,Standard,One year,18.61,9,2023-02-16,Credit card,1,34.2,18,5,2,1,167.49,0,,2023-11-16
CUST100859,Basic,One year,8.75,22,2023-02-17,Manual/Invoice,1,68.7,25,5,2,0,192.5,0,,2024-12-17
CUST101035,Standard,Month-to-month,19.33,17,2023-02-18,PayPal,1,80.7,22,8,4,0,328.61,0,,2024-07-19
CUST100133,Basic,One year,10.83,20,2023-02-20,Bank transfer,1,49.2,14,6,2,0,216.6,0,,2024-10-20
CUST100412,Premium,One year,40.28,61,2023-02-20,Manual/Invoice,0,30.5,2,2,1,0,2457.08,0,,2026-09-28
CUST101177,Basic,Month-to-month,10.04,3,2023-02-23,Manual/Invoice,0,67.2,15,8,1,0,30.12,1,2023-05-25,2023-05-25
CUST100105,Basic,One year,8.58,50,2023-02-24,Bank transfer,0,74.6,20,9,3,0,429.0,0,,2026-09-28
CUST100546,Basic,Month-to-month,10.66,29,2023-02-27,Credit card,1,35.9,11,3,2,0,309.14,0,,2025-07-28
CUST101059,Standard,Month-to-month,19.74,27,2023-03-01,Credit card,0,100.0,36,10,2,0,532.98,0,,2025-05-30
CUST100095,Standard,Month-to-month,18.78,5,2023-03-02,PayPal,1,68.6,25,5,0,0,93.9,1,2023-08-01,2023-08-01
CUST100353,Basic,Month-to-month,8.12,1,2023-03-02,Credit card,0,40.1,10,4,0,0,8.12,1,2023-04-01,2023-04-01
CUST100447,Standard,One year,21.61,71,2023-03-02,Bank transfer,1,36.3,18,4,2,1,1534.31,0,,2026-09-28
CUST100573,Standard,Month-to-month,19.69,40,2023-03-02,Credit card,0,31.6,8,3,1,0,787.6,0,,2026-07-01
CUST100003,Standard,One year,18.34,37,2023-03-05,Bank transfer,1,92.3,32,9,1,1,678.58,0,,2026-04-04
CUST101399,Standard,Two year,20.91,15,2023-03-05,PayPal,1,60.1,16,7,3,0,313.65,0,,2024-06-03
CUST100566,Basic,One year,9.45,24,2023-03-05,Credit card,0,97.7,33,10,1,0,226.8,1,2025-03-04,2025-03-04
CUST101460,Basic,One year,10.69,66,2023-03-06,Manual/Invoice,0,82.4,23,10,0,0,705.54,0,,2026-09-28
CUST100210,Standard,Month-to-month,19.82,20,2023-03-10,Manual/Invoice,1,63.8,20,6,1,0,396.4,0,,2024-11-07
CUST101304,Standard,Month-to-month,20.86,1,2023-03-10,Bank transfer,1,41.7,12,4,0,0,20.86,0,,2023-04-09
CUST100857,Standard,One year,17.99,3,2023-03-13,Credit card,1,54.5,25,3,1,0,53.97,0,,2023-06-12
CUST100663,Basic,Month-to-month,9.34,7,2023-03-13,Credit card,1,60.1,16,4,1,0,65.38,0,,2023-10-12
CUST100706,Basic,One year,11.02,37,2023-03-13,PayPal,1,31.7,18,4,3,0,407.74,0,,2026-04-12
CUST100478,Premium,Month-to-month,42.05,71,2023-03-14,Manual/Invoice,0,41.9,16,5,0,0,2985.55,0,,2026-09-28
CUST100347,Basic,One year,10.95,31,2023-03-16,Bank transfer,0,38.6,9,5,2,1,339.45,0,,2025-10-14
CUST100812,Basic,Month-to-month,10.65,27,2023-03-16,Credit card,0,72.5,23,5,2,0,287.55,0,,2025-06-14
CUST100757,Standard,Two year,19.37,31,2023-03-18,Bank transfer,1,91.1,27,8,5,1,600.47,0,,2025-10-16
CUST101212,Basic,Two year,10.15,17,2023-03-18,Manual/Invoice,1,50.5,14,3,3,0,172.55,0,,2024-08-16
CUST100032,Basic,Month-to-month,9.39,2,2023-03-19,Credit card,1,51.3,14,5,1,0,18.78,1,2023-05-18,2023-05-18
CUST100947,Premium,Two year,40.63,7,2023-03-20,Credit card,1,2.0,0,0,5,0,284.41,0,,2023-10-19
CUST100634,Basic,One year,10.2,16,2023-03-26,Credit card,1,62.7,23,10,2,1,163.2,0,,2024-07-25
CUST100555,Basic,Month-to-month,9.9,8,2023-03-27,Credit card,0,7.3,8,2,3,0,79.2,1,2023-11-25,2023-11-25
CUST101008,Basic,Month-to-month,9.76,11,2023-03-28,Credit card,1,29.6,15,3,4,0,107.36,0,,2024-02-25
CUST101086,Standard,One year,19.09,34,2023-03-30,Credit card,0,76.5,25,8,0,0,649.06,0,,2026-01-27
CUST100334,Basic,One year,11.53,7,2023-03-31,PayPal,0,41.3,11,5,1,0,80.71,0,,2023-10-30
CUST100350,Standard,Month-to-month,18.85,12,2023-03-31,Credit card,1,54.7,12,6,2,1,226.2,0,,2024-03-30
CUST100464,Premium,Month-to-month,41.86,6,2023-03-31,Manual/Invoice,0,40.6,5,3,0,0,251.16,1,2023-09-29,2023-09-29
CUST100047,Standard,Month-to-month,19.33,4,2023-03-31,Credit card,0,67.8,22,5,2,0,77.32,0,,2023-07-30
CUST100888,Basic,Month-to-month,9.66,53,2023-04-01,Credit card,0,56.1,14,7,2,1,511.98,0,,2026-09-28
CUST101421,Standard,Two year,20.38,12,2023-04-02,Manual/Invoice,0,44.9,8,5,1,0,244.56,0,,2024-04-01
CUST100337,Standard,One year,21.2,27,2023-04-02,Credit card,1,68.9,15,8,0,0,572.4,0,,2025-07-01
CUST101090,Premium,One year,39.86,8,2023-04-04,PayPal,1,0.0,0,0,4,1,318.88,1,2023-12-03,2023-12-03
CUST100840,Basic,One year,9.31,49,2023-04-04,Credit card,1,70.3,20,7,1,0,456.19,0,,2026-09-28
CUST100000,Basic,Month-to-month,7.49,9,2023-04-04,Credit card,1,44.0,17,7,1,0,67.41,0,,2024-01-02
CUST101248,Premium,Month-to-month,40.8,6,2023-04-06,Credit card,0,79.7,25,7,1,0,244.8,0,,2023-10-05
CUST100373,Standard,One year,19.84,10,2023-04-06,Manual/Invoice,1,45.6,11,0,0,0,198.4,0,,2024-02-04
CUST100320,Standard,Two year,20.71,24,2023-04-08,Credit card,0,48.0,5,6,4,1,497.04,0,,2025-04-07
CUST100978,Standard,One year,18.75,45,2023-04-08,PayPal,0,46.7,16,7,1,1,843.75,1,2026-09-28,2026-09-28
CUST100687,Basic,One year,9.12,20,2023-04-09,PayPal,0,91.1,29,9,2,1,182.4,1,2024-12-07,2024-12-07
CUST101456,Standard,Month-to-month,19.26,17,2023-04-12,Credit card,0,85.4,27,10,0,0,327.42,0,,2024-09-10
CUST101013,Basic,Month-to-month,10.14,14,2023-04-12,Credit card,1,46.9,13,5,0,0,141.96,0,,2024-06-11
CUST100085,Basic,One year,8.77,1,2023-04-15,Manual/Invoice,1,42.7,13,0,0,0,8.77,0,,2023-05-15
CUST101339,Basic,Month-to-month,10.33,64,2023-04-16,Credit card,0,48.8,15,8,0,0,661.12,0,,2026-09-28
CUST101299,Standard,One year,20.46,14,2023-04-18,Credit card,0,51.4,19,5,1,0,286.44,0,,2024-06-17
CUST101199,Basic,Two year,10.4,34,2023-04-23,Bank transfer,1,82.3,27,5,1,0,353.6,0,,2026-02-20
CUST100621,Basic,Month-to-month,9.91,23,2023-04-25,PayPal,0,91.7,22,10,1,0,227.93,0,,2025-03-25
CUST101238,Premium,One year,40.2,2,2023-04-25,Credit card,1,24.7,9,5,2,0,80.4,0,,2023-06-24
CUST100175,Basic,One year,9.65,19,2023-04-25,Bank transfer,1,77.0,22,6,0,0,183.35,0,,2024-11-23
CUST101490,Basic,Month-to-month,9.08,17,2023-04-26,Credit card,1,63.2,15,6,1,0,154.36,0,,2024-09-24
CUST100413,Standard,Two year,18.63,9,2023-04-27,Credit card,0,98.9,25,7,2,1,167.67,0,,2024-01-25
CUST101155,Standard,One year,20.41,42,2023-04-27,PayPal,0,72.3,19,10,1,1,857.22,0,,2026-09-28
CUST100093,Standard,One year,20.36,30,2023-04-28,Credit card,1,63.7,17,7,1,1,610.8,1,2025-10-27,2025-10-27
CUST100870,Basic,Month-to-month,10.8,21,2023-04-29,PayPal,1,79.1,21,7,1,0,226.8,0,,2025-01-27
CUST100300,Basic,One year,9.85,5,2023-04-30,Credit card,1,79.5,24,8,2,0,49.25,0,,2023-09-29
CUST100479,Standard,One year,18.92,16,2023-04-30,Credit card,0,44.0,12,4,0,0,302.72,0,,2024-08-29
CUST100366,Premium,Month-to-month,41.87,26,2023-05-01,Manual/Invoice,0,84.5,30,7,0,0,1088.62,0,,2025-06-30
CUST100316,Basic,One year,9.87,3,2023-05-02,Bank transfer,0,88.8,24,10,0,0,29.61,1,2023-08-01,2023-08-01
CUST100942,Standard,One year,19.12,21,2023-05-04,Bank transfer,1,55.7,21,5,3,1,401.52,0,,2025-02-01
CUST100153,Standard,Month-to-month,20.55,42,2023-05-05,Credit card,0,69.7,23,7,1,1,863.1,0,,2026-09-28
CUST100460,Basic,Month-to-month,10.1,1,2023-05-05,Credit card,1,71.7,21,7,1,1,10.1,1,2023-06-04,2023-06-04
CUST100402,Standard,Month-to-month,17.57,42,2023-05-07,Bank transfer,1,73.3,20,8,2,0,737.94,0,,2026-09-28
CUST100531,Premium,One year,39.52,13,2023-05-08,Credit card,0,37.3,4,5,1,0,513.76,0,,2024-06-06
CUST100184,Basic,One year,10.94,4,2023-05-11,Credit card,1,63.8,20,5,0,0,43.76,0,,2023-09-09
CUST100297,Basic,Month-to-month,10.37,13,2023-05-12,Bank transfer,1,78.6,20,9,1,1,134.81,0,,2024-06-10
CUST100203,Premium,Two year,39.02,0,2023-05-12,Credit card,1,65.1,15,6,0,0,0.0,0,,2023-05-12
CUST100627,Standard,Month-to-month,19.24,7,2023-05-15,Credit card,1,54.8,15,5,1,1,134.68,0,,2023-12-14
CUST100336,Premium,Month-to-month,42.05,22,2023-05-15,Credit card,0,36.0,5,2,1,0,925.1,0,,2025-03-14
CUST100850,Basic,Month-to-month,8.38,4,2023-05-17,PayPal,1,74.4,17,5,1,0,33.52,0,,2023-09-15
CUST101338,Basic,Month-to-month,10.78,2,2023-05-19,Credit card,1,40.3,15,1,1,0,21.56,0,,2023-07-18
CUST100788,Standard,Month-to-month,21.12,2,2023-05-19,Credit card,0,54.6,19,4,3,0,42.24,0,,2023-07-18
CUST101295,Basic,One year,11.48,7,2023-05-19,PayPal,0,45.0,14,4,0,0,80.36,0,,2023-12-18
CUST100077,Basic,Two year,9.44,9,2023-05-20,Credit card,1,51.3,11,6,1,0,84.96,0,,2024-02-17
CUST101113,Standard,One year,20.02,18,2023-05-20,Credit card,1,16.1,8,3,3,1,360.36,0,,2024-11-17
CUST100220,Standard,Month-to-month,20.67,32,2023-05-21,PayPal,1,32.3,15,4,1,0,661.44,1,2026-01-19,2026-01-19
CUST100771,Premium,Month-to-month,40.49,40,2023-05-22,PayPal,1,54.0,22,6,1,1,1619.6,1,2026-09-20,2026-09-20
CUST100489,Premium,Month-to-month,42.58,11,2023-05-23,Credit card,1,41.1,16,5,0,0,468.38,0,,2024-04-21
CUST100076,Standard,Month-to-month,21.67,41,2023-05-23,Bank transfer,1,73.2,26,7,3,0,888.47,0,,2026-09-28
CUST101285,Standard,One year,20.25,17,2023-05-24,Credit card,1,42.5,19,4,1,0,344.25,0,,2024-10-22
CUST100157,Standard,Month-to-month,19.68,27,2023-05-25,Credit card,1,24.1,4,4,2,1,531.36,1,2025-08-23,2025-08-23
CUST100298,Standard,One year,21.28,3,2023-05-27,Bank transfer,1,53.7,23,5,1,0,63.84,0,,2023-08-26
CUST101107,Standard,Month-to-month,20.31,41,2023-05-30,PayPal,0,83.7,25,9,1,0,832.71,0,,2026-09-28
CUST101466,Premium,One year,41.39,16,2023-05-31,Credit card,0,34.4,5,5,1,0,662.24,0,,2024-09-29
CUST101371,Basic,Month-to-month,9.06,23,2023-05-31,Credit card,1,55.6,15,5,1,1,208.38,0,,2025-04-30
CUST101001,Standard,Month-to-month,20.24,5,2023-05-31,PayPal,1,56.3,15,6,2,0,101.2,0,,2023-10-30
CUST101434,Basic,Month-to-month,10.84,33,2023-06-02,Credit card,1,92.0,22,10,0,0,357.72,0,,2026-03-02
CUST100845,Basic,One year,10.2,72,2023-06-03,Credit card,1,43.9,21,5,1,1,734.4,0,,2026-09-28
CUST100319,Basic,One year,9.55,62,2023-06-03,Credit card,0,61.8,22,6,1,0,592.1,0,,2026-09-28
CUST101040,Standard,Two year,21.79,13,2023-06-04,PayPal,1,68.8,18,9,1,0,283.27,0,,2024-07-03
CUST100810,Premium,One year,40.58,19,2023-06-08,Manual/Invoice,1,60.8,18,7,0,0,771.02,0,,2025-01-06
CUST101310,Basic,Month-to-month,11.06,18,2023-06-09,Bank transfer,0,89.9,28,8,1,1,199.08,0,,2024-12-07
CUST100653,Standard,Month-to-month,20.89,22,2023-06-09,Bank transfer,0,20.5,9,1,0,0,459.58,0,,2025-04-08
CUST101158,Premium,One year,39.43,2,2023-06-09,Credit card,0,31.2,3,3,1,0,78.86,0,,2023-08-08
CUST100658,Standard,One year,19.78,16,2023-06-11,PayPal,1,42.6,11,5,0,0,316.48,0,,2024-10-10
CUST100498,Premium,Month-to-month,38.98,15,2023-06-12,PayPal,1,32.4,19,5,0,0,584.7,0,,2024-09-10
CUST100977,Basic,One year,11.54,0,2023-06-13,PayPal,0,35.7,12,4,0,0,0.0,0,,2023-06-13
CUST100271,Premium,Month-to-month,40.81,1,2023-06-14,PayPal,0,48.7,17,7,1,0,40.81,0,,2023-07-14
CUST100734,Basic,One year,9.9,6,2023-06-15,Credit card,1,72.6,21,7,2,0,59.4,0,,2023-12-14
CUST101229,Basic,One year,11.03,29,2023-06-15,Manual/Invoice,0,23.9,8,1,2,1,319.87,0,,2025-11-13
CUST101307,Premium,Month-to-month,40.03,39,2023-06-15,PayPal,0,39.5,16,1,4,0,1561.17,1,2026-09-14,2026-09-14
CUST100905,Premium,Two year,39.41,28,2023-06-16,Manual/Invoice,1,47.2,19,4,0,0,1103.48,0,,2025-10-15
CUST101410,Basic,Month-to-month,10.03,6,2023-06-20,Credit card,1,59.7,25,6,0,0,60.18,1,2023-12-19,2023-12-19
CUST101301,Premium,One year,40.73,72,2023-06-20,PayPal,0,57.4,22,8,0,0,2932.56,0,,2026-09-28
CUST100535,Premium,Month-to-month,41.93,72,2023-06-20,Credit card,1,65.2,23,6,2,0,3018.96,0,,2026-09-28
CUST101056,Standard,One year,19.55,4,2023-06-22,Credit card,1,53.3,14,6,1,0,78.2,0,,2023-10-21
CUST100322,Standard,Month-to-month,21.72,61,2023-06-23,PayPal,1,47.6,7,6,3,1,1324.92,0,,2026-09-28
CUST101433,Standard,One year,20.05,8,2023-06-24,Credit card,1,69.1,22,5,2,1,160.4,0,,2024-02-22
CUST100371,Basic,One year,8.22,23,2023-06-24,Credit card,1,28.6,11,2,2,1,189.06,0,,2025-05-24
CUST100196,Standard,Month-to-month,19.44,15,2023-06-25,Credit card,0,57.3,23,7,1,0,291.6,0,,2024-09-23
CUST100695,Standard,Month-to-month,19.32,72,2023-06-26,PayPal,1,44.2,17,3,1,0,1391.04,0,,2026-09-28
CUST100306,Standard,One year,21.66,0,2023-06-26,Credit card,0,80.4,25,8,0,0,0.0,0,,2023-06-26
CUST100536,Premium,Two year,38.99,69,2023-06-27,Credit card,0,71.2,25,8,0,0,2690.31,0,,2026-09-28
CUST101246,Basic,Month-to-month,8.69,56,2023-06-28,Manual/Invoice,1,70.5,20,8,0,0,486.64,0,,2026-09-28
CUST101195,Premium,Month-to-month,40.25,8,2023-06-28,PayPal,1,18.3,14,1,4,1,322.0,0,,2024-02-26
CUST101276,Basic,Two year,9.86,2,2023-06-28,Credit card,1,10.1,4,0,1,0,19.72,0,,2023-08-27
CUST100452,Basic,One year,10.87,3,2023-06-29,Bank transfer,1,40.0,10,4,1,0,32.61,0,,2023-09-28
CUST101406,Premium,Month-to-month,38.99,1,2023-06-30,Credit card,0,37.0,14,4,3,0,38.99,0,,2023-07-30
CUST100318,Basic,One year,9.1,30,2023-07-01,PayPal,1,0.9,9,0,0,0,273.0,0,,2025-12-30
CUST100378,Premium,Month-to-month,38.82,27,2023-07-03,PayPal,0,60.1,19,4,1,1,1048.14,0,,2025-10-01
CUST100811,Premium,One year,37.05,4,2023-07-03,Bank transfer,1,55.6,19,7,0,0,148.2,0,,2023-11-01
CUST100561,Basic,One year,9.73,6,2023-07-04,PayPal,0,51.1,22,4,1,0,58.38,0,,2024-01-02
CUST100945,Basic,Two year,11.63,72,2023-07-07,PayPal,1,64.5,11,8,0,0,837.36,0,,2026-09-28
CUST100583,Basic,Month-to-month,11.15,2,2023-07-09,Credit card,1,49.7,3,5,2,1,22.3,1,2023-09-07,2023-09-07
CUST100665,Basic,Month-to-month,10.43,3,2023-07-10,Credit card,0,75.6,24,8,1,1,31.29,0,,2023-10-09
CUST100059,Basic,One year,12.14,6,2023-07-12,Credit card,1,48.4,9,4,0,0,72.84,0,,2024-01-10
CUST100436,Basic,One year,10.61,31,2023-07-15,Credit card,1,62.6,15,6,3,0,328.91,0,,2026-02-12
CUST100749,Standard,Month-to-month,20.13,40,2023-07-16,Manual/Invoice,1,69.1,22,9,1,0,805.2,0,,2026-09-28
CUST100513,Premium,Month-to-month,39.07,5,2023-07-16,Credit card,1,60.7,14,6,1,0,195.35,0,,2023-12-15
CUST101413,Basic,Month-to-month,9.94,4,2023-07-18,PayPal,1,47.2,13,4,1,0,39.76,0,,2023-11-16
CUST100894,Standard,Month-to-month,18.64,31,2023-07-19,Credit card,1,68.5,20,7,1,1,577.84,0,,2026-02-16
CUST101470,Standard,Month-to-month,20.29,4,2023-07-20,PayPal,1,70.0,17,8,0,0,81.16,0,,2023-11-18
CUST100386,Basic,Month-to-month,8.99,26,2023-07-21,Credit card,1,83.6,17,9,2,1,233.74,0,,2025-09-19
CUST100530,Premium,Month-to-month,40.58,2,2023-07-21,Bank transfer,1,88.6,27,7,0,0,81.16,0,,2023-09-19
CUST100807,Premium,Month-to-month,39.84,8,2023-07-22,Bank transfer,0,82.1,21,7,0,0,318.72,1,2024-03-21,2024-03-21
CUST100259,Basic,Month-to-month,10.5,20,2023-07-26,Credit card,1,57.5,16,5,2,0,210.0,1,2025-03-25,2025-03-25
CUST101088,Premium,Two year,39.8,1,2023-07-26,Bank transfer,0,72.3,24,6,2,0,39.8,0,,2023-08-25
CUST100708,Basic,One year,8.9,22,2023-07-29,PayPal,1,37.8,9,5,3,1,195.8,0,,2025-05-28
CUST100232,Standard,Month-to-month,22.0,12,2023-08-02,Manual/Invoice,1,25.4,7,2,1,0,264.0,0,,2024-08-01
CUST100453,Premium,Month-to-month,39.91,19,2023-08-02,Bank transfer,1,61.8,12,8,0,0,758.29,1,2025-03-02,2025-03-02
CUST100936,Basic,One year,10.66,6,2023-08-02,Credit card,1,41.9,18,2,2,0,63.96,0,,2024-01-31
CUST100180,Basic,Month-to-month,10.15,14,2023-08-03,PayPal,0,96.2,24,10,2,1,142.1,0,,2024-10-02
CUST100155,Basic,Month-to-month,8.68,12,2023-08-04,Credit card,1,50.3,12,6,1,0,104.16,0,,2024-08-03
CUST100094,Standard,Month-to-month,21.22,17,2023-08-06,Credit card,0,31.2,10,6,0,0,360.74,0,,2025-01-04
CUST101219,Basic,Two year,10.25,13,2023-08-08,PayPal,1,50.0,18,5,0,0,133.25,0,,2024-09-06
CUST100170,Standard,Month-to-month,21.52,21,2023-08-08,PayPal,1,49.8,21,3,0,0,451.92,1,2025-05-08,2025-05-08
CUST101033,Basic,Month-to-month,8.63,16,2023-08-08,Credit card,1,69.5,13,5,1,1,138.08,1,2024-12-07,2024-12-07
CUST100516,Basic,Two year,11.21,6,2023-08-13,Credit card,1,76.0,29,8,0,0,67.26,0,,2024-02-11
CUST100730,Basic,Month-to-month,10.54,9,2023-08-14,Bank transfer,1,39.4,9,3,0,0,94.86,0,,2024-05-13
CUST101021,Basic,Month-to-month,9.63,54,2023-08-14,Manual/Invoice,0,9.5,4,1,1,0,520.02,1,2026-09-28,2026-09-28
CUST100901,Basic,Month-to-month,9.85,1,2023-08-17,Credit card,1,52.5,13,6,0,0,9.85,0,,2023-09-16
CUST101179,Standard,One year,19.33,31,2023-08-18,Credit card,1,62.9,16,6,0,0,599.23,0,,2026-03-18
CUST100589,Basic,Two year,10.99,5,2023-08-19,Credit card,1,68.7,13,6,1,1,54.95,0,,2024-01-18
CUST101496,Standard,Month-to-month,18.9,6,2023-08-21,Credit card,1,75.6,29,10,2,1,113.4,0,,2024-02-19
CUST100744,Basic,One year,9.88,1,2023-08-23,Bank transfer,1,19.1,6,2,0,0,9.88,0,,2023-09-22
CUST100393,Standard,One year,19.16,46,2023-08-23,Credit card,0,42.6,11,6,1,1,881.36,0,,2026-09-28
CUST100979,Standard,Month-to-month,18.52,5,2023-08-24,Credit card,1,40.5,6,6,1,1,92.6,1,2024-01-23,2024-01-23
CUST101356,Premium,Month-to-month,40.08,4,2023-08-27,Credit card,1,81.3,24,9,1,1,160.32,0,,2023-12-26
CUST100495,Basic,One year,9.69,5,2023-08-28,Manual/Invoice,1,33.4,14,2,2,0,48.45,0,,2024-01-27
CUST101153,Standard,Month-to-month,20.49,2,2023-08-28,Credit card,1,78.6,16,7,0,0,40.98,0,,2023-10-27
CUST100699,Standard,Month-to-month,20.25,0,2023-08-28,PayPal,0,25.5,7,4,2,1,0.0,0,,2023-08-28
CUST100532,Premium,Month-to-month,40.86,11,2023-08-28,Credit card,1,57.9,9,8,3,1,449.46,1,2024-07-27,2024-07-27
CUST100893,Basic,Month-to-month,9.69,8,2023-08-28,Credit card,1,78.8,24,6,2,0,77.52,0,,2024-04-27
CUST101330,Standard,Month-to-month,19.98,6,2023-08-28,Credit card,1,80.2,24,10,0,0,119.88,0,,2024-02-26
CUST100423,Standard,Two year,20.05,28,2023-08-30,PayPal,0,54.2,16,7,2,0,561.4,0,,2025-12-29
CUST100089,Standard,Month-to-month,18.43,30,2023-08-30,Credit card,1,48.7,19,6,1,0,552.9,0,,2026-02-28
CUST100024,Standard,Month-to-month,19.0,8,2023-08-31,Credit card,1,65.4,26,4,1,0,152.0,0,,2024-04-30
CUST100995,Basic,One year,9.37,16,2023-09-01,PayPal,0,61.0,22,7,0,0,149.92,0,,2024-12-31
CUST100507,Premium,One year,39.49,33,2023-09-02,Credit card,1,55.6,10,7,1,0,1303.17,1,2026-06-02,2026-06-02
CUST100525,Standard,Month-to-month,21.18,18,2023-09-02,Manual/Invoice,0,78.9,22,7,1,0,381.24,0,,2025-03-02
CUST100541,Standard,Month-to-month,20.48,12,2023-09-02,Bank transfer,1,47.1,14,3,1,0,245.76,0,,2024-09-01
CUST101209,Premium,Month-to-month,41.23,0,2023-09-03,Credit card,1,78.6,26,8,0,0,0.0,0,,2023-09-03
CUST101453,Standard,Month-to-month,19.98,0,2023-09-07,PayPal,0,64.7,22,4,1,1,0.0,0,,2023-09-07
CUST100656,Basic,One year,7.84,22,2023-09-09,Manual/Invoice,0,58.0,17,5,1,1,172.48,0,,2025-07-09
CUST101405,Standard,Month-to-month,19.58,57,2023-09-11,Bank transfer,0,40.4,11,1,0,0,1116.06,1,2026-09-28,2026-09-28
CUST100545,Basic,Month-to-month,9.75,7,2023-09-12,Manual/Invoice,1,36.6,6,5,2,1,68.25,1,2024-04-12,2024-04-12
CUST101383,Basic,One year,9.68,1,2023-09-13,PayPal,0,82.3,26,5,1,0,9.68,0,,2023-10-13
CUST100165,Premium,One year,38.01,16,2023-09-13,Manual/Invoice,0,90.7,23,7,2,0,608.16,0,,2025-01-12
CUST100975,Basic,Month-to-month,9.42,3,2023-09-15,Credit card,1,62.2,22,6,1,0,28.26,0,,2023-12-15
CUST101391,Basic,One year,8.11,23,2023-09-15,Bank transfer,1,67.2,19,6,1,0,186.53,0,,2025-08-15
CUST101162,Basic,One year,10.45,28,2023-09-20,PayPal,0,76.2,21,8,0,0,292.6,0,,2026-01-19
CUST100740,Standard,Two year,20.69,44,2023-09-21,Credit card,1,46.4,11,4,1,0,910.36,0,,2026-09-28
CUST101358,Basic,Month-to-month,9.76,2,2023-09-22,Manual/Invoice,0,37.6,5,4,2,0,19.52,0,,2023-11-21
CUST100078,Basic,Two year,10.56,34,2023-09-27,PayPal,1,30.8,8,2,0,0,359.04,0,,2026-07-27
CUST100722,Basic,One year,8.76,58,2023-09-28,Credit card,1,63.6,17,4,3,0,508.08,0,,2026-09-28
CUST100075,Standard,Month-to-month,21.63,12,2023-09-28,Credit card,1,56.7,19,3,1,1,259.56,0,,2024-09-27
CUST100923,Standard,One year,17.69,5,2023-09-29,Bank transfer,1,54.1,21,3,0,0,88.45,0,,2024-02-28
CUST100891,Premium,Month-to-month,39.12,12,2023-09-30,Credit card,1,88.5,20,7,0,0,469.44,0,,2024-09-29
CUST100424,Basic,Month-to-month,10.42,7,2023-09-30,Bank transfer,0,41.9,11,2,2,0,72.94,1,2024-04-30,2024-04-30
CUST100034,Premium,Month-to-month,38.4,0,2023-10-02,PayPal,0,50.6,16,7,2,0,0.0,1,2023-10-02,2023-10-02
CUST100015,Basic,Month-to-month,9.71,13,2023-10-02,PayPal,1,22.2,9,4,0,0,126.23,0,,2024-10-31
CUST100197,Premium,Month-to-month,40.38,8,2023-10-03,PayPal,1,29.3,8,2,0,0,323.04,0,,2024-06-02
CUST100964,Basic,Month-to-month,10.01,72,2023-10-04,Credit card,0,40.2,11,0,3,1,720.72,1,2026-09-28,2026-09-28
CUST100874,Basic,One year,11.05,48,2023-10-05,Bank transfer,0,69.6,20,8,2,0,530.4,0,,2026-09-28
CUST100666,Basic,Month-to-month,8.9,25,2023-10-06,PayPal,1,76.9,25,8,2,0,222.5,0,,2025-11-05
CUST101450,Standard,Two year,20.64,28,2023-10-07,Credit card,1,77.1,26,7,2,1,577.92,0,,2026-02-05
CUST100941,Standard,One year,19.09,72,2023-10-13,Credit card,1,62.9,16,7,0,0,1374.48,0,,2026-09-28
CUST100097,Basic,One year,10.41,30,2023-10-14,Credit card,0,32.3,8,2,0,0,312.3,0,,2026-04-14
CUST100696,Basic,One year,11.38,6,2023-10-17,PayPal,0,40.6,16,3,0,0,68.28,0,,2024-04-16
CUST100255,Standard,Month-to-month,20.92,56,2023-10-18,Credit card,1,34.9,19,2,1,1,1171.52,0,,2026-09-28
CUST101235,Basic,One year,8.54,28,2023-10-18,Credit card,0,60.9,18,6,0,0,239.12,0,,2026-02-16
CUST101111,Basic,Month-to-month,9.5,3,2023-10-19,Credit card,1,39.9,13,3,1,1,28.5,1,2024-01-18,2024-01-18
CUST100576,Basic,Month-to-month,8.94,3,2023-10-21,PayPal,1,72.4,32,8,2,1,26.82,1,2024-01-20,2024-01-20
CUST100384,Standard,Two year,19.39,10,2023-10-25,Credit card,0,86.9,20,10,4,0,193.9,0,,2024-08-24
CUST100145,Basic,Month-to-month,9.09,26,2023-10-26,Bank transfer,1,56.5,23,5,2,0,236.34,0,,2025-12-25
CUST100864,Basic,One year,6.97,37,2023-10-26,Credit card,1,59.7,8,4,2,1,257.89,0,,2026-09-28
CUST100972,Standard,Month-to-month,20.66,20,2023-10-28,PayPal,0,51.6,15,6,1,0,413.2,0,,2025-06-27
CUST101228,Premium,Month-to-month,40.88,5,2023-10-28,Credit card,1,59.0,14,8,4,0,204.4,0,,2024-03-28
CUST101483,Basic,Month-to-month,9.34,27,2023-11-01,Credit card,1,85.8,27,10,0,0,252.18,0,,2026-01-30
CUST100760,Basic,One year,8.01,12,2023-11-02,Credit card,1,77.3,20,6,1,0,96.12,0,,2024-11-01
CUST100662,Standard,One year,19.77,12,2023-11-02,Credit card,0,93.7,23,10,1,1,237.24,0,,2024-11-01
CUST101031,Standard,Month-to-month,20.45,8,2023-11-02,Bank transfer,1,88.8,26,7,0,0,163.6,0,,2024-07-02
CUST100523,Premium,Month-to-month,40.31,43,2023-11-06,PayPal,1,5.1,3,1,3,1,1733.33,0,,2026-09-28
CUST100588,Basic,Month-to-month,10.18,26,2023-11-12,Bank transfer,0,33.0,7,1,2,0,264.68,1,2026-01-11,2026-01-11
CUST100782,Basic,One year,10.26,21,2023-11-12,Credit card,0,49.5,23,6,1,0,215.46,0,,2025-08-12
CUST101461,Standard,Month-to-month,20.78,11,2023-11-13,Credit card,0,57.8,17,6,0,0,228.58,0,,2024-10-12
CUST101437,Standard,Month-to-month,20.2,33,2023-11-14,Credit card,1,47.8,19,3,2,1,666.6,0,,2026-08-14
CUST101279,Standard,One year,18.38,4,2023-11-15,PayPal,1,47.9,13,5,0,0,73.52,0,,2024-03-15
CUST100952,Basic,Month-to-month,10.03,58,2023-11-16,Credit card,1,37.5,14,3,3,0,581.74,0,,2026-09-28
CUST100388,Standard,Month-to-month,20.76,43,2023-11-16,Credit card,1,37.4,13,1,4,0,892.68,1,2026-09-28,2026-09-28
CUST100991,Standard,One year,21.65,0,2023-11-18,Manual/Invoice,1,55.7,18,5,2,1,0.0,0,,2023-11-18
CUST100116,Premium,Month-to-month,42.31,23,2023-11-24,PayPal,1,100.0,28,10,3,0,973.13,0,,2025-10-24
CUST100657,Basic,One year,9.27,13,2023-11-25,Bank transfer,0,49.1,11,4,0,0,120.51,0,,2024-12-24
CUST101077,Standard,Month-to-month,19.04,46,2023-11-26,PayPal,1,53.7,21,6,1,0,875.84,0,,2026-09-28
CUST100343,Basic,Two year,9.99,4,2023-11-26,Manual/Invoice,1,51.5,19,4,1,0,39.96,0,,2024-03-26
CUST100564,Basic,Two year,9.05,20,2023-11-28,Credit card,1,12.5,0,1,3,1,181.0,1,2025-07-28,2025-07-28
CUST100570,Standard,Month-to-month,19.77,5,2023-11-28,Credit card,1,54.4,10,0,0,0,98.85,0,,2024-04-28
CUST101067,Basic,Two year,9.39,72,2023-11-29,Credit card,0,56.6,18,5,0,0,676.08,0,,2026-09-28
CUST100961,Standard,Two year,20.77,1,2023-11-29,Bank transfer,1,53.9,11,5,1,0,20.77,0,,2023-12-29
CUST100467,Premium,Month-to-month,41.27,7,2023-12-03,Manual/Invoice,1,50.7,18,4,3,0,288.89,0,,2024-07-03
CUST100843,Premium,Month-to-month,39.68,52,2023-12-04,Bank transfer,0,24.6,7,3,2,1,2063.36,0,,2026-09-28
CUST100446,Premium,Month-to-month,40.11,57,2023-12-04,Credit card,0,66.1,22,7,1,0,2286.27,0,,2026-09-28
CUST100286,Standard,One year,19.46,52,2023-12-05,Credit card,1,50.4,16,5,1,1,1011.92,0,,2026-09-28
CUST100553,Standard,One year,20.84,8,2023-12-05,Credit card,1,62.3,15,7,0,0,166.72,0,,2024-08-04
CUST100572,Basic,Month-to-month,9.97,0,2023-12-05,PayPal,1,10.6,1,0,2,0,0.0,1,2023-12-05,2023-12-05
CUST101361,Basic,One year,12.98,72,2023-12-08,Credit card,1,32.4,10,4,3,0,934.56,0,,2026-09-28
CUST101087,Basic,One year,8.66,21,2023-12-10,PayPal,1,75.9,22,8,1,1,181.86,0,,2025-09-09
CUST101156,Basic,Two year,10.83,42,2023-12-13,PayPal,1,61.1,19,7,2,1,454.86,0,,2026-09-28
CUST100951,Standard,Month-to-month,19.83,19,2023-12-16,PayPal,0,69.8,23,6,1,0,376.77,0,,2025-07-16
CUST101376,Basic,Month-to-month,10.97,17,2023-12-18,Bank transfer,0,11.9,2,1,3,0,186.49,1,2025-05-18,2025-05-18
CUST100673,Standard,One year,20.28,13,2023-12-18,PayPal,1,45.9,4,7,0,0,263.64,0,,2025-01-16
CUST100904,Basic,One year,10.26,22,2023-12-19,Credit card,1,67.7,23,5,1,0,225.72,0,,2025-10-18
CUST100058,Basic,One year,9.15,1,2023-12-20,Credit card,1,34.9,5,8,2,0,9.15,0,,2024-01-19
CUST101133,Basic,Month-to-month,9.18,3,2023-12-20,PayPal,0,82.9,29,8,1,0,27.54,0,,2024-03-20
CUST100071,Basic,One year,8.62,18,2023-12-20,Credit card,1,69.8,20,9,0,0,155.16,0,,2025-06-19
CUST100625,Basic,Month-to-month,8.53,30,2023-12-21,Credit card,1,43.1,20,2,0,0,255.9,0,,2026-06-21
CUST100409,Basic,Two year,9.46,5,2023-12-21,Credit card,1,59.1,19,7,2,1,47.3,0,,2024-05-21
CUST101353,Standard,Two year,19.74,3,2023-12-21,Manual/Invoice,0,31.9,8,1,3,1,59.22,1,2024-03-21,2024-03-21
CUST101098,Standard,One year,17.39,14,2023-12-22,Credit card,1,40.7,17,6,1,0,243.46,0,,2025-02-20
CUST100002,Standard,Month-to-month,18.6,19,2023-12-22,PayPal,0,100.0,27,9,1,0,353.4,0,,2025-07-22
CUST100074,Standard,Month-to-month,19.19,9,2023-12-22,Credit card,0,46.9,17,4,1,0,172.71,1,2024-09-20,2024-09-20
CUST101193,Standard,Two year,18.62,39,2023-12-24,Bank transfer,1,48.1,10,4,0,0,726.18,0,,2026-09-28
CUST100262,Basic,One year,9.63,9,2023-12-24,PayPal,1,51.6,12,5,0,0,86.67,0,,2024-09-22
CUST101384,Standard,Month-to-month,22.42,13,2023-12-24,Credit card,1,68.3,26,6,3,0,291.46,0,,2025-01-22
CUST100492,Basic,Month-to-month,10.18,42,2023-12-26,Manual/Invoice,1,50.2,15,9,2,0,427.56,0,,2026-09-28
CUST101183,Premium,One year,39.46,60,2023-12-26,Bank transfer,1,39.1,10,4,1,1,2367.6,0,,2026-09-28
CUST101363,Standard,Month-to-month,19.68,10,2023-12-28,PayPal,1,72.5,19,7,1,0,196.8,0,,2024-10-27
CUST100558,Standard,Two year,20.7,12,2023-12-29,PayPal,0,96.3,28,9,2,0,248.4,0,,2024-12-28
CUST100619,Standard,Two year,19.3,72,2024-01-01,Credit card,0,44.1,11,6,2,0,1389.6,0,,2026-09-28
CUST100903,Standard,Two year,19.89,53,2024-01-01,Credit card,0,49.0,16,4,5,1,1054.17,0,,2026-09-28
CUST100989,Premium,One year,38.35,31,2024-01-03,Bank transfer,1,14.5,5,5,1,0,1188.85,0,,2026-08-03
CUST100973,Basic,Month-to-month,10.58,21,2024-01-04,PayPal,0,67.1,25,7,1,1,222.18,0,,2025-10-04
CUST100260,Standard,Month-to-month,20.53,17,2024-01-04,Bank transfer,1,47.4,12,5,1,0,349.01,0,,2025-06-04
CUST100330,Basic,Two year,9.44,29,2024-01-04,PayPal,1,66.6,18,8,2,0,273.76,0,,2026-06-04
CUST100117,Basic,Two year,10.38,40,2024-01-05,Credit card,0,44.4,10,3,1,1,415.2,0,,2026-09-28
CUST100792,Standard,Two year,19.08,72,2024-01-06,Credit card,0,73.9,22,8,1,1,1373.76,0,,2026-09-28
CUST100400,Basic,One year,9.97,7,2024-01-13,Manual/Invoice,1,29.2,0,0,1,0,69.79,0,,2024-08-13
CUST100179,Basic,Month-to-month,10.16,20,2024-01-14,Credit card,1,56.4,19,6,2,0,203.2,0,,2025-09-13
CUST100876,Standard,One year,20.38,39,2024-01-15,Credit card,1,71.0,21,6,0,0,794.82,0,,2026-09-28
CUST100257,Standard,Two year,20.26,14,2024-01-17,PayPal,1,74.9,31,8,1,0,283.64,1,2025-03-18,2025-03-18
CUST101115,Standard,Month-to-month,18.9,0,2024-01-20,Credit card,1,85.8,26,10,0,0,0.0,0,,2024-01-20
CUST101474,Basic,Two year,11.69,6,2024-01-20,PayPal,0,38.2,16,2,2,1,70.14,0,,2024-07-20
CUST101259,Standard,One year,18.66,33,2024-01-23,PayPal,1,28.0,7,5,1,0,615.78,0,,2026-09-28
CUST101060,Premium,Month-to-month,39.63,32,2024-01-24,Credit card,1,94.7,32,10,0,0,1268.16,0,,2026-09-24
CUST100106,Basic,One year,9.88,16,2024-01-30,PayPal,1,38.8,13,5,3,0,158.08,0,,2025-05-31
CUST100794,Basic,Month-to-month,9.39,4,2024-01-31,Bank transfer,1,42.4,9,6,3,1,37.56,1,2024-05-31,2024-05-31
CUST100505,Basic,Month-to-month,9.97,9,2024-02-02,Credit card,0,31.7,8,2,2,1,89.73,0,,2024-11-01
CUST100018,Basic,Month-to-month,9.0,2,2024-02-02,PayPal,1,49.7,14,4,0,0,18.0,0,,2024-04-02
CUST100302,Standard,Month-to-month,19.78,5,2024-02-03,Credit card,1,63.8,18,7,0,0,98.9,0,,2024-07-04
CUST100275,Standard,Two year,20.27,2,2024-02-06,Bank transfer,1,67.3,21,7,0,0,40.54,0,,2024-04-06
CUST100307,Basic,Month-to-month,10.38,0,2024-02-06,Credit card,1,64.8,25,8,1,1,0.0,0,,2024-02-06
CUST100258,Standard,Month-to-month,21.52,53,2024-02-08,Bank transfer,1,41.0,13,6,1,0,1140.56,0,,2026-09-28
CUST100472,Basic,Two year,9.35,52,2024-02-08,Credit card,1,62.4,20,5,1,0,486.2,0,,2026-09-28
CUST100284,Standard,One year,20.39,8,2024-02-11,Credit card,1,69.1,22,5,1,1,163.12,0,,2024-10-11
CUST100900,Basic,One year,10.84,6,2024-02-12,Credit card,0,50.6,14,7,0,0,65.04,0,,2024-08-12
CUST101312,Standard,One year,19.2,4,2024-02-15,Credit card,1,59.3,8,6,1,1,76.8,0,,2024-06-15
CUST100581,Premium,One year,39.82,21,2024-02-16,Credit card,1,55.2,22,7,1,0,836.22,0,,2025-11-16
CUST101280,Standard,One year,21.74,15,2024-02-18,PayPal,1,50.5,14,7,1,0,326.1,0,,2025-05-19
CUST100010,Basic,One year,10.75,20,2024-02-18,Bank transfer,1,74.7,24,5,1,0,215.0,0,,2025-10-18
CUST101414,Standard,Month-to-month,22.61,38,2024-02-20,PayPal,0,85.1,26,9,0,0,859.18,0,,2026-09-28
CUST101282,Standard,Two year,18.7,21,2024-02-20,Credit card,0,43.8,13,2,0,0,392.7,0,,2025-11-20
CUST101128,Basic,One year,9.39,1,2024-02-21,Bank transfer,1,27.5,10,4,2,1,9.39,0,,2024-03-22
CUST100940,Basic,Month-to-month,10.37,9,2024-02-22,Bank transfer,1,0.0,6,0,4,0,93.33,1,2024-11-21,2024-11-21
CUST100607,Basic,One year,9.81,26,2024-02-25,Credit card,1,68.9,28,8,0,0,255.06,0,,2026-04-26
CUST100142,Standard,One year,19.82,4,2024-02-27,Bank transfer,0,52.1,18,7,2,0,79.28,0,,2024-06-27
CUST100025,Standard,Two year,20.93,1,2024-02-29,Credit card,0,48.4,9,5,0,0,20.93,0,,2024-03-30
CUST100351,Premium,Month-to-month,39.8,29,2024-03-02,Credit card,1,78.1,19,8,0,0,1154.2,0,,2026-08-01
CUST100444,Premium,One year,39.51,9,2024-03-03,Bank transfer,0,35.4,15,3,0,0,355.59,0,,2024-12-01
CUST100292,Premium,One year,40.23,14,2024-03-04,Credit card,0,74.2,29,7,0,0,563.22,0,,2025-05-04
CUST100944,Basic,Month-to-month,8.8,4,2024-03-05,Manual/Invoice,1,61.2,19,6,0,0,35.2,1,2024-07-04,2024-07-04
CUST100433,Basic,One year,10.89,0,2024-03-08,PayPal,1,39.8,19,3,0,0,0.0,0,,2024-03-08
CUST100736,Basic,Month-to-month,9.73,2,2024-03-09,Manual/Invoice,1,83.9,26,9,1,1,19.46,1,2024-05-08,2024-05-08
CUST101034,Basic,Month-to-month,10.18,21,2024-03-12,Credit card,1,42.4,6,2,3,0,213.78,0,,2025-12-11
CUST100020,Standard,Month-to-month,20.17,9,2024-03-13,PayPal,1,79.0,23,8,3,0,181.53,1,2024-12-11,2024-12-11
CUST100692,Standard,Two year,18.8,7,2024-03-15,Bank transfer,0,30.1,15,2,0,0,131.6,0,,2024-10-14
CUST101425,Premium,Two year,39.36,10,2024-03-16,Credit card,1,71.9,22,7,1,0,393.6,0,,2025-01-14
CUST100291,Basic,Month-to-month,11.69,31,2024-03-18,Credit card,1,36.9,11,4,1,1,362.39,0,,2026-09-28
CUST101102,Premium,Two year,41.23,60,2024-03-18,PayPal,0,45.9,16,7,0,0,2473.8,0,,2026-09-28
CUST100748,Premium,One year,38.8,12,2024-03-20,PayPal,0,47.6,11,4,2,0,465.6,0,,2025-03-20
CUST100539,Basic,Month-to-month,10.17,49,2024-03-20,Credit card,1,34.4,6,4,0,0,498.33,0,,2026-09-28
CUST101484,Basic,Two year,8.9,0,2024-03-21,Credit card,1,74.9,22,5,1,1,0.0,0,,2024-03-21
CUST101081,Basic,One year,10.57,0,2024-03-22,Credit card,1,82.4,29,8,1,0,0.0,0,,2024-03-22
CUST100214,Standard,Month-to-month,21.46,1,2024-03-24,Bank transfer,1,62.3,17,4,4,1,21.46,0,,2024-04-23
CUST101030,Basic,Month-to-month,8.39,54,2024-03-25,Credit card,1,34.2,8,5,1,1,453.06,1,2026-09-28,2026-09-28
CUST100875,Basic,Month-to-month,12.75,18,2024-03-27,Manual/Invoice,1,80.1,26,8,0,0,229.5,1,2025-09-25,2025-09-25
CUST100023,Basic,One year,8.42,25,2024-03-28,PayPal,1,92.6,28,7,0,0,210.5,0,,2026-04-28
CUST100984,Standard,One year,19.77,3,2024-03-28,Credit card,1,55.9,20,5,0,0,59.31,0,,2024-06-27
CUST101424,Premium,Month-to-month,41.09,3,2024-03-29,PayPal,0,100.0,32,10,3,0,123.27,1,2024-06-28,2024-06-28
CUST100417,Basic,One year,11.15,48,2024-03-29,Credit card,1,100.0,31,8,0,0,535.2,0,,2026-09-28
CUST100335,Basic,One year,12.0,72,2024-03-30,Bank transfer,0,71.4,29,6,0,0,864.0,0,,2026-09-28
CUST100529,Premium,One year,39.73,10,2024-03-31,Bank transfer,1,90.7,30,10,1,0,397.3,0,,2025-01-29
CUST101447,Premium,Month-to-month,37.78,6,2024-04-04,Credit card,1,95.9,27,10,1,1,226.68,0,,2024-10-03
CUST100885,Basic,Month-to-month,11.11,35,2024-04-05,Manual/Invoice,0,12.9,6,2,3,1,388.85,1,2026-09-28,2026-09-28
CUST100359,Standard,Two year,21.84,1,2024-04-06,Credit card,1,83.0,21,8,1,1,21.84,0,,2024-05-06
CUST101489,Basic,Month-to-month,10.89,72,2024-04-07,Credit card,1,51.1,22,4,0,0,784.08,0,,2026-09-28
CUST100582,Standard,Month-to-month,20.06,17,2024-04-07,Bank transfer,1,56.2,20,4,3,0,341.02,0,,2025-09-06
CUST101002,Premium,Month-to-month,40.49,36,2024-04-07,Credit card,1,71.3,16,8,0,0,1457.64,0,,2026-09-28
CUST100130,Basic,Two year,10.38,2,2024-04-11,Credit card,0,81.4,24,10,0,0,20.76,0,,2024-06-10
CUST100897,Premium,Month-to-month,40.86,4,2024-04-15,Credit card,1,53.7,20,6,0,0,163.44,0,,2024-08-14
CUST100144,Basic,Month-to-month,10.53,3,2024-04-16,Credit card,1,55.6,23,6,1,0,31.59,1,2024-07-16,2024-07-16
CUST101379,Standard,Month-to-month,20.04,20,2024-04-19,PayPal,1,26.4,1,2,1,0,400.8,0,,2025-12-18
CUST100620,Basic,Month-to-month,8.58,5,2024-04-22,Credit card,0,94.8,20,10,1,0,42.9,0,,2024-09-21
CUST100148,Basic,Two year,11.08,4,2024-04-25,PayPal,1,31.6,7,4,3,1,44.32,0,,2024-08-24
CUST100364,Premium,Month-to-month,39.62,24,2024-04-28,PayPal,1,54.6,13,6,0,0,950.88,1,2026-04-28,2026-04-28
CUST100790,Basic,Month-to-month,8.22,24,2024-04-28,PayPal,1,66.8,25,9,1,0,197.28,0,,2026-04-28
CUST100521,Basic,One year,9.97,72,2024-04-28,Credit card,0,76.7,27,8,2,1,717.84,0,,2026-09-28
CUST100061,Basic,One year,10.3,5,2024-05-01,Bank transfer,1,70.5,24,9,0,0,51.5,0,,2024-09-30
CUST100537,Basic,Month-to-month,9.31,6,2024-05-02,PayPal,1,61.6,15,5,2,0,55.86,1,2024-10-31,2024-10-31
CUST100397,Basic,Month-to-month,9.19,1,2024-05-04,Credit card,0,42.8,17,4,0,0,9.19,0,,2024-06-03
CUST100069,Premium,Month-to-month,42.2,9,2024-05-04,PayPal,1,64.9,24,6,1,0,379.8,0,,2025-02-01
CUST100611,Standard,Month-to-month,21.69,26,2024-05-06,Bank transfer,1,26.3,19,2,2,0,563.94,0,,2026-07-06
CUST100742,Standard,Two year,21.16,13,2024-05-09,Bank transfer,0,81.0,23,10,2,1,275.08,0,,2025-06-08
CUST101427,Premium,Month-to-month,39.79,8,2024-05-10,PayPal,1,64.8,16,5,0,0,318.32,0,,2025-01-08
CUST101231,Basic,Month-to-month,9.06,42,2024-05-10,Credit card,0,26.5,9,4,2,1,380.52,1,2026-09-28,2026-09-28
CUST100906,Premium,Month-to-month,37.55,6,2024-05-11,PayPal,1,16.3,0,2,3,1,225.3,1,2024-11-09,2024-11-09
CUST101396,Basic,One year,7.35,3,2024-05-13,Credit card,0,23.5,2,3,7,0,22.05,0,,2024-08-12
CUST100137,Standard,Month-to-month,19.7,9,2024-05-14,Credit card,1,46.1,14,4,0,0,177.3,1,2025-02-11,2025-02-11
CUST100487,Basic,Two year,10.98,16,2024-05-14,Bank transfer,1,36.5,13,1,2,1,175.68,0,,2025-09-13
CUST100647,Standard,Month-to-month,20.5,27,2024-05-15,Credit card,1,64.5,21,7,2,1,553.5,0,,2026-08-14
CUST101097,Basic,Month-to-month,9.57,32,2024-05-15,Credit card,1,33.8,14,6,1,0,306.24,0,,2026-09-28
CUST100549,Standard,Month-to-month,19.02,10,2024-05-17,Credit card,0,51.4,18,7,2,1,190.2,0,,2025-03-17
CUST100496,Standard,Month-to-month,20.16,17,2024-05-23,Manual/Invoice,0,74.9,25,8,3,0,342.72,0,,2025-10-22
CUST101454,Basic,Month-to-month,10.59,21,2024-05-24,Credit card,0,76.7,22,6,1,0,222.39,0,,2026-02-22
CUST100601,Basic,Month-to-month,10.73,42,2024-05-25,Credit card,0,36.9,9,4,1,0,450.66,0,,2026-09-28
CUST100704,Basic,Month-to-month,11.29,72,2024-05-25,Credit card,1,47.7,20,6,1,1,812.88,1,2026-09-28,2026-09-28
CUST100642,Basic,One year,9.28,6,2024-05-25,Credit card,1,92.4,38,8,2,0,55.68,0,,2024-11-23
CUST100618,Premium,One year,39.56,25,2024-05-28,Bank transfer,1,55.0,13,4,0,0,989.0,1,2026-06-28,2026-06-28
CUST100016,Basic,Month-to-month,8.3,35,2024-05-30,Credit card,0,55.2,14,7,1,0,290.5,0,,2026-09-28
CUST100597,Basic,One year,10.94,8,2024-05-30,PayPal,0,86.4,27,9,2,0,87.52,0,,2025-01-28
CUST100717,Premium,One year,39.78,26,2024-05-31,PayPal,1,100.0,30,9,0,0,1034.28,0,,2026-07-31
CUST100609,Standard,Two year,20.54,11,2024-05-31,Credit card,1,28.9,8,3,4,1,225.94,1,2025-04-30,2025-04-30
CUST101395,Premium,Two year,40.52,41,2024-06-01,Credit card,1,41.8,13,5,2,0,1661.32,0,,2026-09-28
CUST101271,Premium,One year,38.97,59,2024-06-04,PayPal,1,48.9,21,5,2,1,2299.23,0,,2026-09-28
CUST101374,Basic,One year,9.57,55,2024-06-04,PayPal,1,40.3,20,2,0,0,526.35,0,,2026-09-28
CUST100303,Standard,Month-to-month,19.14,32,2024-06-04,Credit card,1,27.6,11,1,5,1,612.48,1,2026-09-28,2026-09-28
CUST100914,Standard,Month-to-month,19.37,23,2024-06-05,PayPal,1,76.2,23,7,0,0,445.51,0,,2026-05-06
CUST101420,Basic,Two year,10.36,44,2024-06-07,Credit card,1,39.0,3,3,1,0,455.84,0,,2026-09-28
CUST100895,Basic,Two year,9.17,60,2024-06-08,Credit card,1,20.7,5,4,3,0,550.2,0,,2026-09-28
CUST101216,Basic,One year,9.63,10,2024-06-09,Credit card,1,70.6,28,9,1,0,96.3,0,,2025-04-09
CUST100044,Basic,Month-to-month,10.04,47,2024-06-10,Credit card,1,42.9,14,4,3,0,471.88,0,,2026-09-28
CUST100719,Standard,Month-to-month,19.18,1,2024-06-12,Credit card,0,54.4,14,6,0,0,19.18,0,,2024-07-12
CUST100674,Basic,Two year,9.38,2,2024-06-16,Bank transfer,0,28.1,8,3,6,0,18.76,1,2024-08-15,2024-08-15
CUST100818,Basic,Month-to-month,9.22,3,2024-06-17,Credit card,1,80.8,22,7,1,0,27.66,0,,2024-09-16
CUST101053,Standard,Month-to-month,19.54,19,2024-06-18,Bank transfer,0,74.3,21,6,0,0,371.26,0,,2026-01-17
CUST100087,Standard,Month-to-month,19.22,24,2024-06-18,Credit card,0,69.0,18,7,3,1,461.28,0,,2026-06-18
CUST101493,Basic,Two year,11.02,24,2024-06-21,Credit card,0,51.8,17,5,1,1,264.48,0,,2026-06-21
CUST100738,Basic,Month-to-month,10.55,0,2024-06-22,Credit card,0,46.4,14,3,0,0,0.0,0,,2024-06-22
CUST100126,Premium,Two year,38.15,9,2024-06-22,Credit card,0,44.7,13,3,0,0,343.35,0,,2025-03-22
CUST100208,Basic,Two year,9.55,72,2024-06-24,Credit card,1,46.2,17,4,2,0,687.6,0,,2026-09-28
CUST100600,Basic,Month-to-month,11.63,33,2024-06-26,Bank transfer,1,36.0,17,5,0,0,383.79,0,,2026-09-28
CUST100172,Standard,One year,19.78,28,2024-06-28,PayPal,0,77.4,35,7,0,0,553.84,0,,2026-09-28
CUST101132,Basic,Month-to-month,10.08,14,2024-06-29,Credit card,1,100.0,28,10,2,0,141.12,1,2025-08-29,2025-08-29
CUST100451,Standard,One year,18.43,70,2024-06-29,Manual/Invoice,1,48.1,12,6,1,0,1290.1,0,,2026-09-28
CUST100035,Premium,Month-to-month,40.43,14,2024-07-01,Bank transfer,1,74.4,16,5,1,1,566.02,1,2025-08-31,2025-08-31
CUST100053,Premium,Month-to-month,40.88,9,2024-07-06,PayPal,1,61.0,15,4,1,0,367.92,0,,2025-04-05
CUST101362,Standard,One year,20.36,33,2024-07-06,Manual/Invoice,1,74.4,24,7,1,1,671.88,0,,2026-09-28
CUST100587,Basic,Month-to-month,10.49,11,2024-07-06,Credit card,1,32.4,6,6,1,1,115.39,0,,2025-06-05
CUST101068,Basic,Month-to-month,8.12,10,2024-07-10,Credit card,1,58.7,18,6,0,0,81.2,1,2025-05-10,2025-05-10
CUST101182,Standard,One year,20.48,37,2024-07-11,Bank transfer,0,48.7,19,3,3,1,757.76,0,,2026-09-28
CUST100022,Basic,Month-to-month,10.91,0,2024-07-12,Credit card,1,53.3,17,7,0,0,0.0,0,,2024-07-12
CUST100040,Basic,Two year,10.12,72,2024-07-15,Credit card,1,50.7,18,6,0,0,728.64,0,,2026-09-28
CUST101318,Basic,One year,8.65,0,2024-07-19,Credit card,1,7.4,1,0,4,0,0.0,0,,2024-07-19
CUST100999,Basic,One year,10.55,12,2024-07-21,Credit card,0,25.4,3,3,2,0,126.6,0,,2025-07-21
CUST100559,Standard,Month-to-month,19.55,18,2024-07-21,Credit card,0,58.2,19,5,1,0,351.9,0,,2026-01-19
CUST100045,Standard,Month-to-month,20.03,17,2024-07-21,Credit card,0,65.0,16,5,1,0,340.51,0,,2025-12-20
CUST100755,Standard,Month-to-month,19.45,53,2024-07-26,Credit card,0,19.9,9,3,4,1,1030.85,0,,2026-09-28
CUST100786,Standard,One year,20.37,5,2024-07-27,Manual/Invoice,1,27.0,10,2,5,0,101.85,0,,2024-12-26
CUST100835,Basic,Month-to-month,11.06,9,2024-07-30,Credit card,1,79.5,27,7,2,1,99.54,0,,2025-04-29
CUST101169,Basic,One year,10.84,5,2024-07-31,Bank transfer,1,44.9,8,7,1,1,54.2,0,,2024-12-30
CUST101236,Premium,Two year,39.07,8,2024-08-02,PayPal,1,39.5,8,2,1,0,312.56,0,,2025-04-02
CUST100931,Premium,Month-to-month,40.29,72,2024-08-02,PayPal,1,51.3,14,4,3,0,2900.88,0,,2026-09-28
CUST100715,Premium,Month-to-month,41.39,9,2024-08-06,Bank transfer,0,29.3,10,3,2,0,372.51,1,2025-05-06,2025-05-06
CUST100567,Basic,Month-to-month,10.8,1,2024-08-07,Credit card,1,60.6,14,6,0,0,10.8,0,,2024-09-06
CUST100039,Basic,One year,11.35,3,2024-08-07,Bank transfer,1,62.2,21,4,1,0,34.05,1,2024-11-06,2024-11-06
CUST100385,Premium,Two year,40.46,72,2024-08-09,PayPal,0,57.1,18,3,0,0,2913.12,0,,2026-09-28
CUST100669,Basic,Two year,10.01,2,2024-08-13,Bank transfer,0,28.6,10,2,4,0,20.02,0,,2024-10-12
CUST101377,Standard,Two year,20.91,29,2024-08-14,Credit card,1,54.4,12,5,3,1,606.39,0,,2026-09-28
CUST101349,Basic,Month-to-month,8.67,35,2024-08-15,Manual/Invoice,1,88.6,30,10,1,1,303.45,0,,2026-09-28
CUST100842,Basic,Month-to-month,9.2,23,2024-08-15,Credit card,1,64.2,17,6,2,1,211.6,1,2026-07-16,2026-07-16
CUST100176,Standard,Month-to-month,19.38,4,2024-08-15,Manual/Invoice,0,62.2,16,3,0,0,77.52,0,,2024-12-14
CUST100557,Basic,Month-to-month,10.18,11,2024-08-15,PayPal,1,64.8,20,6,2,0,111.98,0,,2025-07-15
CUST100277,Standard,Month-to-month,21.6,31,2024-08-20,Bank transfer,1,36.8,14,6,0,0,669.6,0,,2026-09-28
CUST101185,Premium,Month-to-month,41.09,66,2024-08-22,Credit card,1,61.3,20,6,1,0,2711.94,0,,2026-09-28
CUST100879,Basic,Two year,8.22,25,2024-08-24,Credit card,0,51.9,17,4,1,1,205.5,0,,2026-09-24
CUST100774,Standard,Month-to-month,22.63,18,2024-08-26,Manual/Invoice,1,82.0,27,10,4,0,407.34,1,2026-02-24,2026-02-24
CUST100884,Standard,Month-to-month,19.17,6,2024-08-28,Bank transfer,0,48.8,14,6,1,1,115.02,1,2025-02-26,2025-02-26
CUST100899,Basic,Month-to-month,10.18,29,2024-08-29,Credit card,1,26.9,9,2,2,1,295.22,1,2026-09-28,2026-09-28
CUST100924,Basic,Month-to-month,9.44,6,2024-08-29,Bank transfer,0,81.8,29,8,2,1,56.64,0,,2025-02-27
CUST100886,Standard,Month-to-month,19.99,2,2024-08-29,Credit card,1,57.8,25,4,3,0,39.98,1,2024-10-28,2024-10-28
CUST100068,Basic,One year,10.95,14,2024-08-30,Bank transfer,1,74.3,25,10,1,0,153.3,0,,2025-10-30
CUST101012,Premium,Month-to-month,39.67,13,2024-09-03,PayPal,1,29.2,4,4,3,0,515.71,0,,2025-10-03
CUST100728,Basic,Month-to-month,9.52,9,2024-09-05,Credit card,0,53.7,9,6,0,0,85.68,1,2025-06-05,2025-06-05
CUST101296,Basic,Month-to-month,9.41,6,2024-09-06,Bank transfer,0,44.7,18,2,2,0,56.46,0,,2025-03-07
CUST101265,Basic,Month-to-month,10.5,31,2024-09-07,PayPal,1,37.8,5,3,1,1,325.5,1,2026-09-28,2026-09-28
CUST100374,Basic,Two year,9.52,72,2024-09-10,Credit card,0,58.2,9,6,2,1,685.44,0,,2026-09-28
CUST100415,Basic,Month-to-month,9.95,14,2024-09-11,PayPal,0,55.0,16,6,2,1,139.3,0,,2025-11-11
CUST101043,Standard,One year,18.7,3,2024-09-11,PayPal,1,42.1,16,5,1,0,56.1,0,,2024-12-11
CUST100578,Standard,Month-to-month,20.94,1,2024-09-12,PayPal,1,71.5,18,8,1,1,20.94,1,2024-10-12,2024-10-12
CUST100681,Basic,One year,8.11,1,2024-09-14,Credit card,0,54.1,17,5,0,0,8.11,0,,2024-10-14
CUST101340,Basic,One year,10.56,6,2024-09-15,PayPal,1,67.2,21,5,2,1,63.36,0,,2025-03-16
CUST101283,Basic,Month-to-month,10.68,64,2024-09-15,PayPal,1,48.8,18,6,1,0,683.52,0,,2026-09-28
CUST100420,Standard,One year,20.19,72,2024-09-18,Manual/Invoice,0,7.4,7,1,6,1,1453.68,0,,2026-09-28
CUST100761,Basic,Two year,10.74,9,2024-09-19,Credit card,0,59.6,9,5,1,0,96.66,0,,2025-06-19
CUST100375,Basic,One year,8.4,12,2024-09-21,Credit card,1,78.1,24,7,0,0,100.8,0,,2025-09-21
CUST100866,Basic,Month-to-month,11.79,23,2024-09-23,Credit card,1,47.3,19,4,1,0,271.17,0,,2026-08-24
CUST100996,Premium,One year,39.61,0,2024-09-23,PayPal,0,64.0,29,7,0,0,0.0,0,,2024-09-23
CUST100684,Premium,Two year,40.15,6,2024-09-23,Bank transfer,0,58.6,18,7,1,0,240.9,0,,2025-03-24
CUST100700,Standard,Month-to-month,19.86,26,2024-09-24,Credit card,1,73.9,23,9,2,0,516.36,0,,2026-09-28
CUST100624,Standard,Month-to-month,20.07,3,2024-09-28,Manual/Invoice,1,70.0,21,7,2,0,60.21,0,,2024-12-28
CUST100705,Premium,One year,38.33,1,2024-09-28,Credit card,1,60.8,9,4,0,0,38.33,0,,2024-10-28
CUST100080,Premium,One year,39.61,21,2024-10-04,Manual/Invoice,1,57.3,16,7,2,0,831.81,0,,2026-07-05
CUST101039,Basic,One year,10.48,21,2024-10-05,Credit card,1,35.1,5,5,1,0,220.08,0,,2026-07-06
CUST101029,Premium,One year,40.58,6,2024-10-06,Credit card,1,68.2,20,6,0,0,243.48,0,,2025-04-06
CUST100962,Basic,Month-to-month,9.97,9,2024-10-07,Credit card,0,66.0,23,7,2,1,89.73,0,,2025-07-07
CUST101134,Standard,One year,19.16,22,2024-10-08,PayPal,0,59.8,21,6,0,0,421.52,0,,2026-08-08
CUST100836,Premium,Month-to-month,39.96,18,2024-10-11,PayPal,1,23.6,10,2,4,0,719.28,1,2026-04-11,2026-04-11
CUST100758,Premium,One year,39.82,1,2024-10-13,Credit card,1,100.0,27,10,0,0,39.82,0,,2024-11-12
CUST101320,Basic,Month-to-month,9.38,34,2024-10-13,Bank transfer,0,74.7,23,7,2,1,318.92,1,2026-09-28,2026-09-28
CUST100499,Premium,Month-to-month,41.13,72,2024-10-14,Credit card,1,38.5,12,2,1,1,2961.36,0,,2026-09-28
CUST100408,Premium,One year,38.43,14,2024-10-14,Credit card,1,39.3,16,2,2,0,538.02,0,,2025-12-14
CUST100219,Premium,Month-to-month,41.82,15,2024-10-14,Credit card,0,50.4,17,5,1,0,627.3,0,,2026-01-13
CUST100161,Standard,One year,20.52,1,2024-10-16,Bank transfer,1,77.5,24,10,0,0,20.52,0,,2024-11-15
CUST100668,Basic,Month-to-month,9.89,3,2024-10-17,Credit card,1,44.5,20,5,3,0,29.67,1,2025-01-16,2025-01-16
CUST101336,Basic,One year,9.71,55,2024-10-20,PayPal,0,46.4,14,6,0,0,534.05,0,,2026-09-28
CUST101215,Basic,Month-to-month,11.44,72,2024-10-21,Credit card,1,19.7,8,2,4,1,823.68,0,,2026-09-28
CUST100108,Basic,One year,9.25,6,2024-10-22,Bank transfer,0,53.6,23,6,1,1,55.5,0,,2025-04-22
CUST100800,Standard,Month-to-month,19.94,26,2024-10-23,Bank transfer,0,70.7,31,6,3,0,518.44,0,,2026-09-28
CUST101114,Standard,Month-to-month,18.9,22,2024-10-24,Credit card,1,32.6,11,2,1,1,415.8,0,,2026-08-24
CUST100211,Standard,Month-to-month,21.7,5,2024-10-27,Credit card,1,53.0,18,4,0,0,108.5,0,,2025-03-28
CUST101372,Premium,Month-to-month,40.55,44,2024-10-31,PayPal,1,42.2,6,2,2,0,1784.2,0,,2026-09-28
CUST100082,Basic,One year,9.41,35,2024-11-02,Credit card,0,73.4,22,6,2,0,329.35,1,2026-09-28,2026-09-28
CUST100019,Basic,Two year,8.89,47,2024-11-02,PayPal,0,82.4,20,8,0,0,417.83,0,,2026-09-28
CUST101322,Premium,Month-to-month,41.98,3,2024-11-03,Credit card,1,58.5,13,3,1,0,125.94,0,,2025-02-02
CUST101011,Premium,One year,39.91,24,2024-11-04,Credit card,0,47.4,12,5,3,0,957.84,1,2026-09-28,2026-09-28
CUST100147,Standard,One year,19.98,22,2024-11-06,Bank transfer,0,80.5,24,9,1,1,439.56,0,,2026-09-06
CUST101160,Premium,One year,40.43,45,2024-11-06,PayPal,0,39.8,13,4,2,0,1819.35,0,,2026-09-28
CUST101213,Standard,One year,20.49,9,2024-11-09,Bank transfer,1,63.0,20,6,1,1,184.41,0,,2025-08-09
CUST101171,Premium,One year,39.92,45,2024-11-09,Credit card,1,56.2,17,5,1,0,1796.4,0,,2026-09-28
CUST100411,Premium,One year,38.74,8,2024-11-11,PayPal,0,74.3,15,8,1,0,309.92,0,,2025-07-12
CUST100993,Standard,Month-to-month,20.22,19,2024-11-14,Bank transfer,1,74.8,22,7,1,0,384.18,0,,2026-06-15
CUST100522,Premium,One year,39.09,18,2024-11-14,Credit card,1,61.7,21,6,1,0,703.62,0,,2026-05-15
CUST100120,Premium,Month-to-month,40.12,28,2024-11-15,Manual/Invoice,0,79.7,26,7,1,0,1123.36,1,2026-09-28,2026-09-28
CUST101288,Basic,Month-to-month,9.21,4,2024-11-15,Bank transfer,1,60.0,24,5,3,1,36.84,1,2025-03-16,2025-03-16
CUST101101,Premium,Month-to-month,40.39,2,2024-11-20,PayPal,1,44.7,9,3,2,1,80.78,0,,2025-01-19
CUST101036,Basic,Month-to-month,10.42,3,2024-11-20,PayPal,1,49.9,16,7,1,0,31.26,0,,2025-02-19
CUST100698,Basic,Two year,10.28,58,2024-11-20,Credit card,0,54.2,19,8,1,0,596.24,0,,2026-09-28
CUST101006,Standard,Month-to-month,19.18,21,2024-11-23,Credit card,1,60.6,19,8,1,0,402.78,0,,2026-08-24
CUST100801,Basic,Month-to-month,10.28,39,2024-11-24,PayPal,1,19.4,4,1,2,0,400.92,1,2026-09-28,2026-09-28
CUST100363,Standard,One year,19.03,20,2024-11-25,Bank transfer,1,84.4,29,10,1,0,380.6,0,,2026-07-26
CUST100780,Standard,Month-to-month,20.3,0,2024-11-28,Bank transfer,1,28.7,7,2,0,0,0.0,0,,2024-11-28
CUST101499,Premium,One year,40.54,19,2024-12-04,Manual/Invoice,0,72.0,20,4,0,0,770.26,0,,2026-07-05
CUST100772,Basic,One year,9.52,0,2024-12-04,PayPal,1,93.2,25,10,0,0,0.0,0,,2024-12-04
CUST100037,Basic,Month-to-month,10.54,8,2024-12-05,Bank transfer,1,56.1,19,3,1,0,84.32,0,,2025-08-05
CUST100789,Premium,Month-to-month,39.94,3,2024-12-05,Bank transfer,1,53.8,13,4,2,0,119.82,0,,2025-03-06
CUST101298,Standard,One year,20.49,6,2024-12-06,Credit card,0,0.0,0,2,3,1,122.94,0,,2025-06-06
CUST100450,Standard,Month-to-month,19.7,7,2024-12-07,Credit card,1,60.1,20,8,1,0,137.9,0,,2025-07-08
CUST101048,Premium,Month-to-month,39.68,16,2024-12-07,PayPal,1,16.7,0,3,3,0,634.88,1,2026-04-08,2026-04-08
CUST100596,Standard,Month-to-month,19.85,1,2024-12-08,Manual/Invoice,1,85.8,34,9,1,1,19.85,0,,2025-01-07
CUST101294,Premium,Month-to-month,40.67,3,2024-12-12,Credit card,0,33.8,10,2,1,0,122.01,1,2025-03-13,2025-03-13
CUST100671,Premium,One year,40.22,46,2024-12-13,Credit card,1,68.3,17,5,0,0,1850.12,0,,2026-09-28
CUST101207,Basic,One year,8.28,13,2024-12-14,Bank transfer,0,69.0,15,6,1,1,107.64,1,2026-01-13,2026-01-13
CUST101264,Basic,Month-to-month,8.46,10,2024-12-17,PayPal,1,97.2,32,9,3,1,84.6,0,,2025-10-17
CUST100146,Standard,Two year,20.02,16,2024-12-20,Bank transfer,1,46.4,10,5,1,0,320.32,0,,2026-04-21
CUST100461,Standard,Month-to-month,18.55,3,2024-12-22,Credit card,1,42.4,16,5,2,0,55.65,0,,2025-03-23
CUST101387,Basic,Month-to-month,9.43,0,2024-12-24,Credit card,1,71.4,29,8,0,0,0.0,0,,2024-12-24
CUST101224,Basic,One year,10.02,11,2024-12-26,Credit card,1,19.1,1,0,3,0,110.22,0,,2025-11-25
CUST100956,Standard,One year,19.76,27,2024-12-28,PayPal,1,78.4,22,6,2,0,533.52,0,,2026-09-28
CUST101146,Standard,Month-to-month,20.6,72,2024-12-29,Credit card,0,38.6,10,5,1,1,1483.2,0,,2026-09-28
CUST100338,Standard,Two year,21.01,72,2024-12-29,PayPal,1,44.7,13,3,0,0,1512.72,0,,2026-09-28
CUST100192,Premium,Month-to-month,40.53,17,2024-12-31,Bank transfer,1,23.2,2,2,6,0,689.01,1,2026-06-01,2026-06-01
CUST100820,Premium,Month-to-month,39.02,15,2025-01-01,PayPal,0,96.0,28,10,0,0,585.3,0,,2026-04-02
CUST101047,Basic,One year,10.35,11,2025-01-02,Bank transfer,1,55.3,16,6,1,0,113.85,0,,2025-12-02
CUST100677,Basic,One year,10.1,38,2025-01-04,Credit card,1,40.3,8,2,1,0,383.8,0,,2026-09-28
CUST101305,Premium,Two year,40.88,21,2025-01-04,PayPal,1,10.2,0,2,2,1,858.48,0,,2026-09-28
CUST101189,Standard,One year,19.6,14,2025-01-05,Credit card,1,71.7,20,8,1,0,274.4,0,,2026-03-07
CUST100200,Standard,One year,19.97,14,2025-01-11,PayPal,1,61.6,13,7,1,0,279.58,0,,2026-03-13
CUST101186,Standard,Month-to-month,19.51,16,2025-01-14,PayPal,1,48.7,16,3,1,1,312.16,0,,2026-05-16
CUST101323,Basic,Two year,9.22,3,2025-01-15,Bank transfer,1,64.0,23,6,1,0,27.66,0,,2025-04-16
CUST100720,Premium,Month-to-month,40.95,12,2025-01-19,PayPal,0,60.1,19,4,4,0,491.4,0,,2026-01-19
CUST101194,Basic,One year,11.2,11,2025-01-20,Bank transfer,1,55.9,12,7,3,1,123.2,1,2025-12-20,2025-12-20
CUST101144,Basic,Month-to-month,11.99,35,2025-01-27,Bank transfer,1,46.0,16,6,0,0,419.65,0,,2026-09-28
CUST100828,Standard,One year,19.35,30,2025-01-27,Bank transfer,0,31.9,14,1,1,1,580.5,0,,2026-09-28
CUST101452,Premium,Two year,39.79,22,2025-01-29,Manual/Invoice,0,53.7,20,5,1,0,875.38,0,,2026-09-28
CUST101355,Premium,Month-to-month,40.32,27,2025-01-30,Manual/Invoice,1,60.3,15,4,0,0,1088.64,0,,2026-09-28
CUST100294,Basic,Month-to-month,10.56,21,2025-01-30,PayPal,1,34.5,8,2,1,0,221.76,0,,2026-09-28
CUST100571,Standard,Month-to-month,19.64,40,2025-02-02,Bank transfer,1,55.7,21,6,1,0,785.6,0,,2026-09-28
CUST101352,Basic,Month-to-month,10.54,10,2025-02-02,Credit card,1,24.5,7,1,4,0,105.4,1,2025-12-03,2025-12-03
CUST100416,Basic,Month-to-month,8.37,4,2025-02-04,PayPal,1,76.8,19,9,1,1,33.48,0,,2025-06-05
CUST100921,Standard,One year,20.59,37,2025-02-06,Credit card,0,38.2,14,3,1,0,761.83,0,,2026-09-28
CUST100098,Basic,Month-to-month,9.28,14,2025-02-06,Bank transfer,0,48.1,15,5,0,0,129.92,1,2026-04-08,2026-04-08
CUST100372,Basic,One year,10.31,0,2025-02-08,Credit card,1,97.9,27,9,0,0,0.0,0,,2025-02-08
CUST100745,Premium,Month-to-month,40.44,24,2025-02-11,Manual/Invoice,1,76.7,20,5,0,0,970.56,0,,2026-09-28
CUST100998,Premium,Month-to-month,41.27,27,2025-02-12,PayPal,0,90.5,27,10,1,0,1114.29,0,,2026-09-28
CUST101319,Basic,Month-to-month,10.68,35,2025-02-12,Bank transfer,1,68.4,23,10,0,0,373.8,0,,2026-09-28
CUST100355,Standard,One year,19.87,14,2025-02-13,Credit card,0,26.9,10,6,1,1,278.18,0,,2026-04-15
CUST100617,Basic,Month-to-month,9.95,28,2025-02-16,Bank transfer,1,25.4,11,3,5,1,278.6,1,2026-09-28,2026-09-28
CUST100825,Premium,Two year,40.5,3,2025-02-17,PayPal,1,63.0,15,9,2,0,121.5,0,,2025-05-19
CUST100584,Standard,Month-to-month,19.06,7,2025-02-19,Bank transfer,0,68.7,17,5,3,0,133.42,0,,2025-09-20
CUST100682,Basic,Two year,9.44,6,2025-02-20,Credit card,1,40.4,12,2,0,0,56.64,0,,2025-08-21
CUST101253,Basic,Two year,9.07,24,2025-02-20,Credit card,1,75.4,20,9,2,0,217.68,0,,2026-09-28
CUST100418,Standard,One year,19.26,13,2025-02-24,Bank transfer,1,26.2,7,4,6,1,250.38,0,,2026-03-26
CUST101230,Premium,One year,38.14,1,2025-02-26,Credit card,1,55.8,15,5,1,1,38.14,0,,2025-03-28
CUST100716,Premium,One year,39.43,38,2025-02-26,Credit card,1,33.2,10,5,1,1,1498.34,0,,2026-09-28
CUST100265,Standard,Month-to-month,18.02,15,2025-02-28,Credit card,0,71.2,20,5,1,0,270.3,0,,2026-05-30
CUST100615,Premium,One year,38.67,7,2025-03-01,PayPal,1,58.6,21,6,1,0,270.69,0,,2025-09-30
CUST101431,Standard,One year,19.53,1,2025-03-02,Credit card,1,37.9,19,4,3,0,19.53,0,,2025-04-01
CUST100602,Basic,One year,10.07,40,2025-03-05,PayPal,1,8.0,0,4,1,1,402.8,1,2026-09-28,2026-09-28
CUST101418,Standard,Month-to-month,20.27,5,2025-03-06,Manual/Invoice,0,28.7,8,5,4,1,101.35,1,2025-08-05,2025-08-05
CUST101417,Basic,Month-to-month,10.99,27,2025-03-06,Credit card,1,84.9,28,8,1,0,296.73,0,,2026-09-28
CUST101328,Standard,Month-to-month,20.02,25,2025-03-07,Manual/Invoice,0,25.3,9,4,0,0,500.5,0,,2026-09-28
CUST100012,Premium,Month-to-month,40.09,9,2025-03-07,Manual/Invoice,0,45.5,13,6,0,0,360.81,0,,2025-12-05
CUST100586,Basic,Two year,10.97,5,2025-03-08,Credit card,1,74.5,23,8,3,0,54.85,0,,2025-08-07
CUST100721,Basic,One year,11.61,13,2025-03-09,PayPal,1,42.4,16,5,5,0,150.93,0,,2026-04-08
CUST100252,Premium,One year,40.45,31,2025-03-10,PayPal,1,33.0,9,2,2,0,1253.95,0,,2026-09-28
CUST100052,Premium,Month-to-month,39.27,31,2025-03-10,Bank transfer,0,100.0,33,9,3,0,1217.37,0,,2026-09-28
CUST101148,Premium,One year,40.52,13,2025-03-11,PayPal,1,37.0,9,5,5,1,526.76,0,,2026-04-10
CUST100543,Standard,Month-to-month,21.1,16,2025-03-12,PayPal,1,25.2,13,3,2,1,337.6,0,,2026-07-12
CUST101350,Premium,One year,40.47,3,2025-03-12,Credit card,1,61.8,20,5,1,0,121.41,0,,2025-06-11
CUST100860,Standard,Month-to-month,20.05,4,2025-03-13,Bank transfer,1,85.7,24,9,2,1,80.2,0,,2025-07-12
CUST100315,Standard,Month-to-month,20.64,38,2025-03-14,Credit card,1,40.9,18,2,0,0,784.32,0,,2026-09-28
CUST101344,Standard,Month-to-month,18.9,15,2025-03-14,Credit card,0,76.2,22,7,3,0,283.5,0,,2026-06-13
CUST100806,Premium,Month-to-month,39.79,22,2025-03-15,Credit card,1,87.2,30,10,1,0,875.38,0,,2026-09-28
CUST100455,Standard,Month-to-month,23.18,7,2025-03-15,PayPal,0,91.3,26,10,1,0,162.26,0,,2025-10-14
CUST101334,Premium,Month-to-month,38.73,26,2025-03-17,Manual/Invoice,1,44.4,13,2,1,0,1006.98,0,,2026-09-28
CUST101302,Basic,One year,10.47,1,2025-03-17,Bank transfer,1,70.1,23,8,3,0,10.47,0,,2025-04-16
CUST100435,Standard,Two year,18.98,0,2025-03-18,Credit card,0,47.1,14,3,2,0,0.0,0,,2025-03-18
CUST101196,Premium,Two year,39.62,14,2025-03-18,Credit card,1,82.8,27,8,2,0,554.68,0,,2026-05-18
CUST101251,Standard,Two year,21.53,72,2025-03-20,Bank transfer,0,64.5,15,5,0,0,1550.16,0,,2026-09-28
CUST100396,Premium,Month-to-month,40.9,17,2025-03-20,Credit card,1,44.9,18,3,2,0,695.3,0,,2026-08-19
CUST100223,Basic,Month-to-month,9.38,2,2025-03-22,Bank transfer,1,57.8,22,6,0,0,18.76,0,,2025-05-21
CUST101269,Basic,Two year,9.66,2,2025-03-23,Credit card,1,67.4,26,8,0,0,19.32,0,,2025-05-22
CUST100701,Basic,Two year,10.8,28,2025-03-27,PayPal,1,56.1,21,6,1,1,302.4,1,2026-09-28,2026-09-28
CUST100714,Basic,One year,11.3,0,2025-03-28,Credit card,1,76.4,21,9,0,0,0.0,0,,2025-03-28
CUST101365,Basic,Month-to-month,10.47,53,2025-03-28,Credit card,0,20.6,5,0,4,0,554.91,0,,2026-09-28
CUST100227,Basic,One year,11.55,2,2025-03-29,Bank transfer,0,85.0,26,8,1,0,23.1,0,,2025-05-28
CUST100236,Basic,Month-to-month,8.64,18,2025-03-30,Credit card,0,28.1,0,3,3,0,155.52,0,,2026-09-28
CUST101142,Standard,One year,19.61,21,2025-04-01,PayPal,1,72.0,21,6,4,0,411.81,0,,2026-09-28
CUST100925,Basic,Month-to-month,8.77,23,2025-04-02,Credit card,0,16.3,6,1,3,1,201.71,1,2026-09-28,2026-09-28
CUST101237,Standard,Month-to-month,18.99,51,2025-04-03,Manual/Invoice,1,53.8,25,5,2,1,968.49,0,,2026-09-28
CUST101277,Premium,Month-to-month,40.82,45,2025-04-07,Credit card,0,58.9,17,8,2,1,1836.9,0,,2026-09-28
CUST100448,Basic,Month-to-month,10.31,15,2025-04-07,PayPal,1,77.1,24,8,1,0,154.65,0,,2026-07-07
CUST100432,Standard,Month-to-month,20.43,12,2025-04-07,Credit card,0,47.1,15,4,1,0,245.16,0,,2026-04-07
CUST100391,Basic,Month-to-month,9.79,17,2025-04-08,PayPal,1,31.4,13,3,2,1,166.43,1,2026-09-07,2026-09-07
CUST100226,Premium,One year,41.29,39,2025-04-09,Credit card,1,38.7,8,2,2,1,1610.31,0,,2026-09-28
CUST101448,Premium,One year,40.89,7,2025-04-09,Credit card,0,35.1,8,3,4,0,286.23,1,2025-11-08,2025-11-08
CUST100190,Basic,Month-to-month,8.82,12,2025-04-09,Credit card,1,16.2,6,1,2,0,105.84,0,,2026-04-09
CUST101472,Premium,Month-to-month,40.19,13,2025-04-10,Credit card,0,61.7,21,5,1,0,522.47,0,,2026-05-10
CUST100946,Basic,Month-to-month,9.09,37,2025-04-11,Credit card,0,66.8,11,5,1,0,336.33,0,,2026-09-28
CUST100726,Basic,Month-to-month,9.18,1,2025-04-15,PayPal,0,55.4,20,4,1,1,9.18,0,,2025-05-15
CUST100310,Basic,Month-to-month,11.19,47,2025-04-15,PayPal,0,86.0,25,5,0,0,525.93,0,,2026-09-28
CUST100328,Basic,Month-to-month,8.46,5,2025-04-15,PayPal,1,55.4,10,6,1,0,42.3,0,,2025-09-14
CUST101200,Standard,Month-to-month,18.96,14,2025-04-16,Manual/Invoice,1,42.4,12,4,1,1,265.44,1,2026-06-16,2026-06-16
CUST100267,Standard,Month-to-month,18.89,0,2025-04-18,PayPal,0,45.3,12,2,1,0,0.0,1,2025-04-18,2025-04-18
CUST101085,Standard,One year,20.09,3,2025-04-20,Credit card,1,33.9,11,4,1,1,60.27,0,,2025-07-20
CUST100694,Basic,Month-to-month,10.99,9,2025-04-22,Manual/Invoice,1,40.8,9,4,1,1,98.91,1,2026-01-20,2026-01-20
CUST101140,Premium,One year,41.04,16,2025-04-25,Credit card,1,43.0,10,4,0,0,656.64,0,,2026-08-25
CUST100686,Standard,One year,21.26,63,2025-04-25,Manual/Invoice,1,25.5,14,2,2,0,1339.38,0,,2026-09-28
CUST100107,Standard,One year,19.09,27,2025-04-26,Manual/Invoice,1,72.1,29,8,3,1,515.43,0,,2026-09-28
CUST100935,Basic,Two year,9.91,2,2025-04-27,Credit card,1,65.3,15,6,1,0,19.82,1,2025-06-26,2025-06-26
CUST101438,Basic,One year,11.19,10,2025-04-27,Credit card,0,83.7,23,8,4,0,111.9,0,,2026-02-25
CUST100054,Standard,One year,19.7,66,2025-04-28,Manual/Invoice,0,47.3,14,5,0,0,1300.2,0,,2026-09-28
CUST100365,Basic,Two year,11.08,11,2025-04-28,Credit card,0,69.1,21,7,0,0,121.88,0,,2026-03-28
CUST100497,Basic,Month-to-month,11.31,26,2025-04-29,Credit card,0,77.5,32,9,3,0,294.06,0,,2026-09-28
CUST100138,Basic,Two year,10.26,44,2025-05-01,Credit card,1,57.8,16,6,1,1,451.44,0,,2026-09-28
CUST101154,Standard,Two year,20.66,11,2025-05-03,Credit card,1,81.2,24,9,1,1,227.26,0,,2026-04-02
CUST101422,Basic,Month-to-month,9.94,72,2025-05-04,Credit card,1,38.9,14,5,0,0,715.68,0,,2026-09-28
CUST100604,Basic,Two year,9.74,25,2025-05-06,Credit card,1,37.7,15,5,0,0,243.5,0,,2026-09-28
CUST101278,Basic,One year,9.55,33,2025-05-06,Credit card,1,93.4,31,10,1,0,315.15,0,,2026-09-28
CUST101388,Premium,Two year,41.01,11,2025-05-06,Credit card,0,62.9,18,7,0,0,451.11,0,,2026-04-05
CUST100552,Standard,One year,17.82,14,2025-05-10,PayPal,1,49.7,7,3,2,0,249.48,0,,2026-07-10
CUST100358,Premium,Month-to-month,38.97,11,2025-05-11,PayPal,1,68.7,21,6,0,0,428.67,0,,2026-04-10
CUST100281,Basic,Month-to-month,11.16,50,2025-05-12,Bank transfer,1,14.4,2,1,2,0,558.0,0,,2026-09-28
CUST100026,Basic,Two year,9.01,20,2025-05-12,Bank transfer,1,26.5,3,2,6,1,180.2,0,,2026-09-28
CUST100858,Standard,One year,20.63,3,2025-05-12,Bank transfer,0,94.1,28,10,0,0,61.89,0,,2025-08-11
CUST100764,Basic,Month-to-month,12.06,31,2025-05-13,Credit card,0,58.9,22,8,1,0,373.86,0,,2026-09-28
CUST100201,Basic,One year,10.57,9,2025-05-14,PayPal,1,38.7,7,3,0,0,95.13,0,,2026-02-11
CUST100966,Standard,Month-to-month,18.81,37,2025-05-15,Manual/Invoice,1,93.0,24,10,0,0,695.97,0,,2026-09-28
CUST101073,Basic,Month-to-month,10.88,7,2025-05-16,Credit card,0,50.5,18,6,2,1,76.16,0,,2025-12-15
CUST100399,Standard,Month-to-month,19.72,15,2025-05-17,Manual/Invoice,1,89.8,28,8,2,1,295.8,0,,2026-08-16
CUST100585,Basic,One year,10.23,6,2025-05-18,PayPal,1,46.6,18,5,2,0,61.38,0,,2025-11-16
CUST100765,Standard,Month-to-month,19.07,19,2025-05-20,PayPal,1,65.7,18,7,1,0,362.33,0,,2026-09-28
CUST101064,Basic,One year,9.34,1,2025-05-20,Credit card,0,52.1,15,6,1,0,9.34,0,,2025-06-19
CUST100994,Basic,Month-to-month,8.73,13,2025-05-21,Bank transfer,0,69.9,21,6,0,0,113.49,0,,2026-06-20
CUST101117,Premium,One year,38.84,1,2025-05-22,PayPal,1,79.9,24,5,1,0,38.84,0,,2025-06-21
CUST101273,Basic,One year,9.82,35,2025-05-25,Credit card,0,80.5,29,7,0,0,343.7,0,,2026-09-28
CUST101066,Basic,Month-to-month,11.41,6,2025-05-25,Credit card,1,72.5,26,7,0,0,68.46,0,,2025-11-23
CUST100463,Standard,Month-to-month,19.32,15,2025-05-29,Credit card,0,0.8,0,0,5,0,289.8,1,2026-08-28,2026-08-28
CUST100174,Standard,Month-to-month,20.14,31,2025-05-30,Credit card,1,51.6,27,4,1,1,624.34,0,,2026-09-28
CUST100096,Standard,One year,21.66,7,2025-05-30,Manual/Invoice,1,36.4,6,3,0,0,151.62,0,,2025-12-29
CUST100326,Standard,One year,18.57,31,2025-06-01,PayPal,0,48.2,10,3,3,1,575.67,0,,2026-09-28
CUST100167,Basic,Month-to-month,9.85,20,2025-06-02,Credit card,1,9.0,6,3,4,1,197.0,1,2026-09-28,2026-09-28
CUST101373,Standard,One year,19.07,49,2025-06-02,Credit card,0,84.7,31,9,1,0,934.43,0,,2026-09-28
CUST100853,Premium,Month-to-month,39.05,3,2025-06-03,Manual/Invoice,1,61.5,18,5,1,0,117.15,0,,2025-09-02
CUST101000,Basic,Month-to-month,8.88,28,2025-06-06,PayPal,1,57.8,24,6,0,0,248.64,0,,2026-09-28
CUST101025,Standard,Month-to-month,21.52,19,2025-06-08,Credit card,1,32.6,8,5,0,0,408.88,0,,2026-09-28
CUST101120,Premium,Month-to-month,38.26,18,2025-06-08,Credit card,1,67.7,22,7,2,0,688.68,0,,2026-09-28
CUST100382,Standard,Month-to-month,21.65,13,2025-06-11,Manual/Invoice,1,49.6,13,3,4,0,281.45,1,2026-07-11,2026-07-11
CUST101103,Premium,Two year,38.92,38,2025-06-15,Credit card,1,61.8,21,5,4,0,1478.96,0,,2026-09-28
CUST100357,Standard,Month-to-month,20.62,9,2025-06-18,Credit card,1,77.2,22,9,0,0,185.58,0,,2026-03-18
CUST100603,Basic,Month-to-month,8.39,9,2025-06-18,PayPal,1,88.5,27,7,1,1,75.51,0,,2026-03-18
CUST100239,Basic,Month-to-month,9.33,2,2025-06-18,Credit card,1,65.6,19,6,4,1,18.66,1,2025-08-17,2025-08-17
CUST100050,Premium,Month-to-month,38.75,8,2025-06-20,Credit card,1,43.6,13,3,0,0,310.0,0,,2026-02-18
CUST100878,Basic,Month-to-month,9.96,3,2025-06-21,Credit card,1,66.2,11,7,4,1,29.88,1,2025-09-20,2025-09-20
CUST100898,Basic,One year,10.25,45,2025-06-21,Bank transfer,1,37.5,7,3,0,0,461.25,0,,2026-09-28
